{"v":"5.7.0","fr":60,"ip":0,"op":80,"w":1000,"h":1000,"nm":"Comp 1","ddd":0,"assets":[{"id":"comp_0","layers":[{"ddd":0,"ind":1,"ty":4,"nm":"Shape Layer 6","parent":7,"sr":1,"ks":{"o":{"a":1,"k":[{"i":{"x":[0.833],"y":[0.833]},"o":{"x":[0.167],"y":[0.167]},"t":43,"s":[0]},{"i":{"x":[0.833],"y":[0.833]},"o":{"x":[0.167],"y":[0.167]},"t":53,"s":[100]},{"i":{"x":[0.833],"y":[0.833]},"o":{"x":[0.167],"y":[0.167]},"t":66,"s":[100]},{"t":73,"s":[0]}],"ix":11},"r":{"a":0,"k":-14,"ix":10},"p":{"a":1,"k":[{"i":{"x":0.667,"y":1},"o":{"x":0.167,"y":0.167},"t":43,"s":[319.722,154.102,0],"to":[2.617,-2.058,0],"ti":[-2.617,2.058,0]},{"t":73,"s":[335.423,141.755,0]}],"ix":2},"a":{"a":0,"k":[235.813,-82.365,0],"ix":1},"s":{"a":1,"k":[{"i":{"x":[0.667,0.667,0.667],"y":[1,1,1]},"o":{"x":[0.167,0.167,0.167],"y":[0.167,0.167,0]},"t":43,"s":[30.488,30.488,100]},{"t":73,"s":[60.976,60.976,100]}],"ix":6}},"ao":0,"shapes":[{"ty":"gr","it":[{"d":1,"ty":"el","s":{"a":0,"k":[35.75,35.75],"ix":2},"p":{"a":0,"k":[0,0],"ix":3},"nm":"Ellipse Path 1","mn":"ADBE Vector Shape - Ellipse","hd":false},{"ty":"tm","s":{"a":0,"k":0,"ix":1},"e":{"a":0,"k":36,"ix":2},"o":{"a":0,"k":0,"ix":3},"m":1,"ix":2,"nm":"Trim Paths 1","mn":"ADBE Vector Filter - Trim","hd":false},{"ty":"st","c":{"a":0,"k":[0.050073047713,0.299634955911,0.580392156863,1],"ix":3},"o":{"a":0,"k":100,"ix":4},"w":{"a":0,"k":3,"ix":5},"lc":2,"lj":1,"ml":4,"bm":0,"nm":"Stroke 1","mn":"ADBE Vector Graphic - Stroke","hd":false},{"ty":"tr","p":{"a":0,"k":[226.875,-79.125],"ix":2},"a":{"a":0,"k":[0,0],"ix":1},"s":{"a":0,"k":[100,100],"ix":3},"r":{"a":0,"k":0,"ix":6},"o":{"a":0,"k":100,"ix":7},"sk":{"a":0,"k":0,"ix":4},"sa":{"a":0,"k":0,"ix":5},"nm":"Transform"}],"nm":"Ellipse 1","np":4,"cix":2,"bm":0,"ix":1,"mn":"ADBE Vector Group","hd":false}],"ip":43,"op":73,"st":43,"bm":0},{"ddd":0,"ind":2,"ty":4,"nm":"Shape Layer 5","parent":7,"sr":1,"ks":{"o":{"a":1,"k":[{"i":{"x":[0.833],"y":[0.833]},"o":{"x":[0.167],"y":[0.167]},"t":27,"s":[0]},{"i":{"x":[0.833],"y":[0.833]},"o":{"x":[0.167],"y":[0.167]},"t":37,"s":[100]},{"i":{"x":[0.833],"y":[0.833]},"o":{"x":[0.167],"y":[0.167]},"t":50,"s":[100]},{"t":57,"s":[0]}],"ix":11},"r":{"a":0,"k":-14,"ix":10},"p":{"a":1,"k":[{"i":{"x":0.667,"y":1},"o":{"x":0.167,"y":0.167},"t":27,"s":[319.722,154.102,0],"to":[2.617,-2.058,0],"ti":[-2.617,2.058,0]},{"t":57,"s":[335.423,141.755,0]}],"ix":2},"a":{"a":0,"k":[235.813,-82.365,0],"ix":1},"s":{"a":1,"k":[{"i":{"x":[0.667,0.667,0.667],"y":[1,1,1]},"o":{"x":[0.167,0.167,0.167],"y":[0.167,0.167,0]},"t":27,"s":[30.488,30.488,100]},{"t":57,"s":[60.976,60.976,100]}],"ix":6}},"ao":0,"shapes":[{"ty":"gr","it":[{"d":1,"ty":"el","s":{"a":0,"k":[35.75,35.75],"ix":2},"p":{"a":0,"k":[0,0],"ix":3},"nm":"Ellipse Path 1","mn":"ADBE Vector Shape - Ellipse","hd":false},{"ty":"tm","s":{"a":0,"k":0,"ix":1},"e":{"a":0,"k":36,"ix":2},"o":{"a":0,"k":0,"ix":3},"m":1,"ix":2,"nm":"Trim Paths 1","mn":"ADBE Vector Filter - Trim","hd":false},{"ty":"st","c":{"a":0,"k":[0.050073047713,0.299634955911,0.580392156863,1],"ix":3},"o":{"a":0,"k":100,"ix":4},"w":{"a":0,"k":3,"ix":5},"lc":2,"lj":1,"ml":4,"bm":0,"nm":"Stroke 1","mn":"ADBE Vector Graphic - Stroke","hd":false},{"ty":"tr","p":{"a":0,"k":[226.875,-79.125],"ix":2},"a":{"a":0,"k":[0,0],"ix":1},"s":{"a":0,"k":[100,100],"ix":3},"r":{"a":0,"k":0,"ix":6},"o":{"a":0,"k":100,"ix":7},"sk":{"a":0,"k":0,"ix":4},"sa":{"a":0,"k":0,"ix":5},"nm":"Transform"}],"nm":"Ellipse 1","np":4,"cix":2,"bm":0,"ix":1,"mn":"ADBE Vector Group","hd":false}],"ip":27,"op":57,"st":27,"bm":0},{"ddd":0,"ind":3,"ty":4,"nm":"Shape Layer 10","parent":7,"sr":1,"ks":{"o":{"a":1,"k":[{"i":{"x":[0.833],"y":[0.833]},"o":{"x":[0.167],"y":[0.167]},"t":14,"s":[0]},{"i":{"x":[0.833],"y":[0.833]},"o":{"x":[0.167],"y":[0.167]},"t":24,"s":[100]},{"i":{"x":[0.833],"y":[0.833]},"o":{"x":[0.167],"y":[0.167]},"t":37,"s":[100]},{"t":44,"s":[0]}],"ix":11},"r":{"a":0,"k":-14,"ix":10},"p":{"a":1,"k":[{"i":{"x":0.667,"y":1},"o":{"x":0.167,"y":0.167},"t":14,"s":[319.722,154.102,0],"to":[2.617,-2.058,0],"ti":[-2.617,2.058,0]},{"t":44,"s":[335.423,141.755,0]}],"ix":2},"a":{"a":0,"k":[235.813,-82.365,0],"ix":1},"s":{"a":1,"k":[{"i":{"x":[0.667,0.667,0.667],"y":[1,1,1]},"o":{"x":[0.167,0.167,0.167],"y":[0.167,0.167,0]},"t":14,"s":[30.488,30.488,100]},{"t":44,"s":[60.976,60.976,100]}],"ix":6}},"ao":0,"shapes":[{"ty":"gr","it":[{"d":1,"ty":"el","s":{"a":0,"k":[35.75,35.75],"ix":2},"p":{"a":0,"k":[0,0],"ix":3},"nm":"Ellipse Path 1","mn":"ADBE Vector Shape - Ellipse","hd":false},{"ty":"tm","s":{"a":0,"k":0,"ix":1},"e":{"a":0,"k":36,"ix":2},"o":{"a":0,"k":0,"ix":3},"m":1,"ix":2,"nm":"Trim Paths 1","mn":"ADBE Vector Filter - Trim","hd":false},{"ty":"st","c":{"a":0,"k":[0.050073047713,0.299634955911,0.580392156863,1],"ix":3},"o":{"a":0,"k":100,"ix":4},"w":{"a":0,"k":3,"ix":5},"lc":2,"lj":1,"ml":4,"bm":0,"nm":"Stroke 1","mn":"ADBE Vector Graphic - Stroke","hd":false},{"ty":"tr","p":{"a":0,"k":[226.875,-79.125],"ix":2},"a":{"a":0,"k":[0,0],"ix":1},"s":{"a":0,"k":[100,100],"ix":3},"r":{"a":0,"k":0,"ix":6},"o":{"a":0,"k":100,"ix":7},"sk":{"a":0,"k":0,"ix":4},"sa":{"a":0,"k":0,"ix":5},"nm":"Transform"}],"nm":"Ellipse 1","np":4,"cix":2,"bm":0,"ix":1,"mn":"ADBE Vector Group","hd":false}],"ip":14,"op":44,"st":14,"bm":0},{"ddd":0,"ind":4,"ty":4,"nm":"Shape Layer 4","parent":7,"sr":1,"ks":{"o":{"a":1,"k":[{"i":{"x":[0.833],"y":[0.833]},"o":{"x":[0.167],"y":[0.167]},"t":0,"s":[0]},{"i":{"x":[0.833],"y":[0.833]},"o":{"x":[0.167],"y":[0.167]},"t":10,"s":[100]},{"i":{"x":[0.833],"y":[0.833]},"o":{"x":[0.167],"y":[0.167]},"t":23,"s":[100]},{"t":30,"s":[0]}],"ix":11},"r":{"a":0,"k":-14,"ix":10},"p":{"a":1,"k":[{"i":{"x":0.667,"y":1},"o":{"x":0.167,"y":0.167},"t":0,"s":[319.722,154.102,0],"to":[2.617,-2.058,0],"ti":[-2.617,2.058,0]},{"t":30,"s":[335.423,141.755,0]}],"ix":2},"a":{"a":0,"k":[235.813,-82.365,0],"ix":1},"s":{"a":1,"k":[{"i":{"x":[0.667,0.667,0.667],"y":[1,1,1]},"o":{"x":[0.167,0.167,0.167],"y":[0.167,0.167,0]},"t":0,"s":[30.488,30.488,100]},{"t":30,"s":[60.976,60.976,100]}],"ix":6}},"ao":0,"shapes":[{"ty":"gr","it":[{"d":1,"ty":"el","s":{"a":0,"k":[35.75,35.75],"ix":2},"p":{"a":0,"k":[0,0],"ix":3},"nm":"Ellipse Path 1","mn":"ADBE Vector Shape - Ellipse","hd":false},{"ty":"tm","s":{"a":0,"k":0,"ix":1},"e":{"a":0,"k":36,"ix":2},"o":{"a":0,"k":0,"ix":3},"m":1,"ix":2,"nm":"Trim Paths 1","mn":"ADBE Vector Filter - Trim","hd":false},{"ty":"st","c":{"a":0,"k":[0.050073047713,0.299634955911,0.580392156863,1],"ix":3},"o":{"a":0,"k":100,"ix":4},"w":{"a":0,"k":3,"ix":5},"lc":2,"lj":1,"ml":4,"bm":0,"nm":"Stroke 1","mn":"ADBE Vector Graphic - Stroke","hd":false},{"ty":"tr","p":{"a":0,"k":[226.875,-79.125],"ix":2},"a":{"a":0,"k":[0,0],"ix":1},"s":{"a":0,"k":[100,100],"ix":3},"r":{"a":0,"k":0,"ix":6},"o":{"a":0,"k":100,"ix":7},"sk":{"a":0,"k":0,"ix":4},"sa":{"a":0,"k":0,"ix":5},"nm":"Transform"}],"nm":"Ellipse 1","np":4,"cix":2,"bm":0,"ix":1,"mn":"ADBE Vector Group","hd":false}],"ip":0,"op":30,"st":0,"bm":0},{"ddd":0,"ind":5,"ty":4,"nm":"рука 1.2","cl":"2","parent":6,"sr":1,"ks":{"o":{"a":0,"k":100,"ix":11},"r":{"a":1,"k":[{"i":{"x":[0.667],"y":[1]},"o":{"x":[0.167],"y":[0.167]},"t":0,"s":[0]},{"i":{"x":[0.833],"y":[0.833]},"o":{"x":[0.333],"y":[0]},"t":30,"s":[2]},{"t":60,"s":[0]}],"ix":10},"p":{"a":0,"k":[-61,-15,0],"ix":2},"a":{"a":0,"k":[-61,-15,0],"ix":1},"s":{"a":0,"k":[100,100,100],"ix":6}},"ao":0,"shapes":[{"ty":"gr","it":[{"ind":0,"ty":"sh","ix":1,"ks":{"a":0,"k":{"i":[[0.5,1.75],[0,0],[23,-4.5],[10.5,-2],[1.5,-11],[-30.5,-4.5],[-3,1.5],[-0.5,0]],"o":[[-0.5,-1.75],[0,0],[-23,4.5],[-10.5,2],[-1.5,11],[30.5,4.5],[3,-1.5],[0.5,0]],"v":[[78.5,-62.5],[71,-62.5],[19,-49],[-34,-45],[-71,-19.5],[-36.5,9.5],[85,-15.5],[87.5,-21.5]],"c":true},"ix":2},"nm":"Path 1","mn":"ADBE Vector Shape - Group","hd":false},{"ty":"st","c":{"a":0,"k":[0,0,0,1],"ix":3},"o":{"a":0,"k":100,"ix":4},"w":{"a":0,"k":0,"ix":5},"lc":1,"lj":1,"ml":4,"bm":0,"nm":"Stroke 1","mn":"ADBE Vector Graphic - Stroke","hd":false},{"ty":"fl","c":{"a":0,"k":[0.729411764706,0.733333333333,0.741176470588,1],"ix":4},"o":{"a":0,"k":100,"ix":5},"r":1,"bm":0,"nm":"Fill 1","mn":"ADBE Vector Graphic - Fill","hd":false},{"ty":"tr","p":{"a":0,"k":[0,0],"ix":2},"a":{"a":0,"k":[0,0],"ix":1},"s":{"a":0,"k":[100,100],"ix":3},"r":{"a":0,"k":0,"ix":6},"o":{"a":0,"k":100,"ix":7},"sk":{"a":0,"k":0,"ix":4},"sa":{"a":0,"k":0,"ix":5},"nm":"Transform"}],"nm":"Shape 1","np":3,"cix":2,"bm":0,"ix":1,"mn":"ADBE Vector Group","hd":false}],"ip":0,"op":480,"st":-120,"bm":0},{"ddd":0,"ind":6,"ty":4,"nm":"рука 4","parent":22,"sr":1,"ks":{"o":{"a":0,"k":100,"ix":11},"r":{"a":0,"k":0,"ix":10},"p":{"a":1,"k":[{"i":{"x":0.667,"y":1},"o":{"x":0.167,"y":0.167},"t":0,"s":[5,-136,0],"to":[0,0,0],"ti":[0,0,0]},{"i":{"x":0.833,"y":0.833},"o":{"x":0.333,"y":0},"t":40,"s":[10,-136,0],"to":[0,0,0],"ti":[0,0,0]},{"t":80,"s":[5,-136,0]}],"ix":2},"a":{"a":0,"k":[5,-136,0],"ix":1},"s":{"a":0,"k":[100,100,100],"ix":6}},"ao":0,"shapes":[{"ty":"gr","it":[{"ind":0,"ty":"sh","ix":1,"ks":{"a":0,"k":{"i":[[19.416,10.247],[5.144,-4.006],[10,-30],[0,-0.5],[-17.467,15.138],[-0.5,2]],"o":[[-9,-4.75],[-28.25,22],[-10,30],[0,0.5],[22.5,-19.5],[0.5,-2]],"v":[[10,-155],[-14,-150],[-68,-63],[-69,-8.5],[-43.5,-12],[22,-121]],"c":true},"ix":2},"nm":"Path 1","mn":"ADBE Vector Shape - Group","hd":false},{"ty":"st","c":{"a":0,"k":[0,0,0,1],"ix":3},"o":{"a":0,"k":100,"ix":4},"w":{"a":0,"k":0,"ix":5},"lc":1,"lj":1,"ml":4,"bm":0,"nm":"Stroke 1","mn":"ADBE Vector Graphic - Stroke","hd":false},{"ty":"fl","c":{"a":0,"k":[0.729411764706,0.733333333333,0.741176470588,1],"ix":4},"o":{"a":0,"k":100,"ix":5},"r":1,"bm":0,"nm":"Fill 1","mn":"ADBE Vector Graphic - Fill","hd":false},{"ty":"tr","p":{"a":0,"k":[0,0],"ix":2},"a":{"a":0,"k":[0,0],"ix":1},"s":{"a":0,"k":[100,100],"ix":3},"r":{"a":0,"k":0,"ix":6},"o":{"a":0,"k":100,"ix":7},"sk":{"a":0,"k":0,"ix":4},"sa":{"a":0,"k":0,"ix":5},"nm":"Transform"}],"nm":"Shape 1","np":3,"cix":2,"bm":0,"ix":1,"mn":"ADBE Vector Group","hd":false}],"ip":0,"op":480,"st":-120,"bm":0},{"ddd":0,"ind":7,"ty":4,"nm":"кисть 2","parent":5,"sr":1,"ks":{"o":{"a":0,"k":100,"ix":11},"r":{"a":1,"k":[{"i":{"x":[0.667],"y":[1]},"o":{"x":[0.167],"y":[0.167]},"t":0,"s":[0]},{"i":{"x":[0.833],"y":[0.833]},"o":{"x":[0.333],"y":[0]},"t":30,"s":[-3]},{"t":60,"s":[0]}],"ix":10},"p":{"a":0,"k":[80.675,-40.776,0],"ix":2},"a":{"a":0,"k":[269.333,196.687,0],"ix":1},"s":{"a":0,"k":[164,164,100],"ix":6}},"ao":0,"shapes":[{"ty":"gr","it":[{"ind":0,"ty":"sh","ix":1,"ks":{"a":0,"k":{"i":[[0,0],[0,0],[-2.781,2.41],[-0.058,-1.45],[0.285,-0.846],[2.288,-6.751],[1.999,-4.229],[2.047,-4.004],[3.871,-3.441],[0,0],[0,0]],"o":[[0,0],[0.53,-3.639],[1.095,-0.951],[0.022,0.542],[0,0],[0,0],[0,0],[0,0],[-3.872,3.441],[0,0],[0,0]],"v":[[-19.721,-0.637],[-5.992,-3.446],[4.289,-15.86],[7.199,-14.658],[6.838,-12.591],[14.674,-7.642],[16.617,-2.307],[17.674,2.859],[15.641,9.088],[-1.353,11.738],[-17.825,16.811]],"c":true},"ix":2},"nm":"Path 1","mn":"ADBE Vector Shape - Group","hd":false},{"ty":"fl","c":{"a":0,"k":[1,0.713725490196,0.501960784314,1],"ix":4},"o":{"a":0,"k":100,"ix":5},"r":1,"bm":0,"nm":"Fill 1","mn":"ADBE Vector Graphic - Fill","hd":false},{"ty":"tr","p":{"a":0,"k":[283.769,190.434],"ix":2},"a":{"a":0,"k":[0,0],"ix":1},"s":{"a":0,"k":[100,100],"ix":3},"r":{"a":0,"k":0,"ix":6},"o":{"a":0,"k":100,"ix":7},"sk":{"a":0,"k":0,"ix":4},"sa":{"a":0,"k":0,"ix":5},"nm":"Transform"}],"nm":"Group 1","np":2,"cix":2,"bm":0,"ix":1,"mn":"ADBE Vector Group","hd":false},{"ty":"gr","it":[{"ind":0,"ty":"sh","ix":1,"ks":{"a":0,"k":{"i":[[-0.699,0.691],[0,0],[-0.747,-0.713],[0,0],[0.763,-0.754],[0,0],[0.711,0.871],[0,0]],"o":[[0,0],[0.734,-0.725],[0,0],[0.777,0.741],[0,0],[-0.799,0.79],[0,0],[-0.621,-0.761]],"v":[[-15.257,11.931],[12.145,-15.162],[14.802,-15.185],[15.227,-14.778],[15.252,-12.046],[-12.195,15.108],[-15.012,14.958],[-15.394,14.491]],"c":true},"ix":2},"nm":"Path 1","mn":"ADBE Vector Shape - Group","hd":false},{"ty":"fl","c":{"a":0,"k":[0.059000000299,0.063000002094,0.161000001197,1],"ix":4},"o":{"a":0,"k":100,"ix":5},"r":1,"bm":0,"nm":"Fill 1","mn":"ADBE Vector Graphic - Fill","hd":false},{"ty":"tr","p":{"a":0,"k":[287.46,182.33],"ix":2},"a":{"a":0,"k":[-14.024,13.415],"ix":1},"s":{"a":0,"k":[100,100],"ix":3},"r":{"a":0,"k":0,"ix":6},"o":{"a":0,"k":100,"ix":7},"sk":{"a":0,"k":0,"ix":4},"sa":{"a":0,"k":0,"ix":5},"nm":"Transform"}],"nm":"Group 2","np":2,"cix":2,"bm":0,"ix":2,"mn":"ADBE Vector Group","hd":false}],"ip":0,"op":480,"st":-120,"bm":0},{"ddd":0,"ind":8,"ty":4,"nm":"ремень 2","parent":22,"sr":1,"ks":{"o":{"a":0,"k":100,"ix":11},"r":{"a":0,"k":0,"ix":10},"p":{"a":0,"k":[0,0,0],"ix":2},"a":{"a":0,"k":[0,0,0],"ix":1},"s":{"a":0,"k":[100,100,100],"ix":6}},"ao":0,"shapes":[{"ty":"gr","it":[{"ind":0,"ty":"sh","ix":1,"ks":{"a":0,"k":{"i":[[0,0],[0,0],[0,0],[-3.824,3.824]],"o":[[0,0],[0,0],[0,0],[0.75,-0.75]],"v":[[52,-6.75],[-71.25,-3.5],[-76,4.75],[51.5,4.5]],"c":true},"ix":2},"nm":"Path 1","mn":"ADBE Vector Shape - Group","hd":false},{"ty":"st","c":{"a":0,"k":[0,0,0,1],"ix":3},"o":{"a":0,"k":100,"ix":4},"w":{"a":0,"k":0,"ix":5},"lc":1,"lj":1,"ml":4,"bm":0,"nm":"Stroke 1","mn":"ADBE Vector Graphic - Stroke","hd":false},{"ty":"fl","c":{"a":0,"k":[0.921568687289,0.623529411765,0.141176470588,1],"ix":4},"o":{"a":0,"k":100,"ix":5},"r":1,"bm":0,"nm":"Fill 1","mn":"ADBE Vector Graphic - Fill","hd":false},{"ty":"tr","p":{"a":0,"k":[0,0],"ix":2},"a":{"a":0,"k":[0,0],"ix":1},"s":{"a":0,"k":[100,100],"ix":3},"r":{"a":0,"k":0,"ix":6},"o":{"a":0,"k":100,"ix":7},"sk":{"a":0,"k":0,"ix":4},"sa":{"a":0,"k":0,"ix":5},"nm":"Transform"}],"nm":"Shape 1","np":3,"cix":2,"bm":0,"ix":1,"mn":"ADBE Vector Group","hd":false}],"ip":0,"op":480,"st":-120,"bm":0},{"ddd":0,"ind":9,"ty":4,"nm":"нога 4","parent":22,"sr":1,"ks":{"o":{"a":0,"k":100,"ix":11},"r":{"a":1,"k":[{"i":{"x":[0.667],"y":[1]},"o":{"x":[0.167],"y":[0.167]},"t":0,"s":[-3]},{"i":{"x":[0.833],"y":[0.833]},"o":{"x":[0.333],"y":[0]},"t":40,"s":[37]},{"i":{"x":[0.833],"y":[0.833]},"o":{"x":[0.167],"y":[0.167]},"t":50,"s":[18.867]},{"i":{"x":[0.833],"y":[0.833]},"o":{"x":[0.167],"y":[0.167]},"t":60,"s":[6.909]},{"i":{"x":[0.833],"y":[0.833]},"o":{"x":[0.167],"y":[0.167]},"t":70,"s":[2.285]},{"t":80,"s":[-3]}],"ix":10},"p":{"a":0,"k":[0,0,0],"ix":2},"a":{"a":0,"k":[0,0,0],"ix":1},"s":{"a":0,"k":[100,100,100],"ix":6}},"ao":0,"shapes":[{"ty":"gr","it":[{"ind":0,"ty":"sh","ix":1,"ks":{"a":1,"k":[{"i":{"x":0.833,"y":0.833},"o":{"x":0.167,"y":0.167},"t":14,"s":[{"i":[[0.75,2],[6,-13],[-11,-26],[-0.949,-2.846],[-1,-8.25],[-37.009,10.469],[0,0],[7.5,12.5],[0,0]],"o":[[-0.75,-2],[-6,13],[11,26],[1.25,3.75],[0.523,4.312],[37.009,-10.469],[0,0],[-7.5,-12.5],[0,0]],"v":[[48.467,-20.749],[-47,0],[-43,52],[19,173],[24.75,188.5],[83.991,218.469],[113.5,167],[92,112.5],[50,11]],"c":true}]},{"i":{"x":0.833,"y":0.833},"o":{"x":0.167,"y":0.167},"t":30,"s":[{"i":[[0.75,2],[6,-13],[-11,-26],[-0.949,-2.846],[-1,-8.25],[-37.009,10.469],[0,0],[7.5,12.5],[0,0]],"o":[[-0.75,-2],[-6,13],[11,26],[1.25,3.75],[0.523,4.312],[37.009,-10.469],[0,0],[-7.5,-12.5],[0,0]],"v":[[44.914,-23.813],[-51.35,-7.307],[-43,52],[19,173],[24.75,188.5],[83.991,218.469],[113.5,167],[92,112.5],[50,11]],"c":true}]},{"i":{"x":0.833,"y":0.833},"o":{"x":0.167,"y":0.167},"t":50,"s":[{"i":[[0.75,2],[6,-13],[-11,-26],[-0.949,-2.846],[-1,-8.25],[-37.009,10.469],[0,0],[7.5,12.5],[0,0]],"o":[[-0.75,-2],[-6,13],[11,26],[1.25,3.75],[0.523,4.312],[37.009,-10.469],[0,0],[-7.5,-12.5],[0,0]],"v":[[43.137,-28.792],[-47,0],[-43,52],[19,173],[24.75,188.5],[83.991,218.469],[113.5,167],[92,112.5],[50,11]],"c":true}]},{"i":{"x":0.833,"y":0.833},"o":{"x":0.167,"y":0.167},"t":60,"s":[{"i":[[0.75,2],[6,-13],[-11,-26],[-0.949,-2.846],[-1,-8.25],[-37.009,10.469],[0,0],[7.5,12.5],[0,0]],"o":[[-0.75,-2],[-6,13],[11,26],[1.25,3.75],[0.523,4.312],[37.009,-10.469],[0,0],[-7.5,-12.5],[0,0]],"v":[[49.903,-12.083],[-47,0],[-43,52],[19,173],[24.75,188.5],[83.991,218.469],[113.5,167],[92,112.5],[50,11]],"c":true}]},{"i":{"x":0.833,"y":0.833},"o":{"x":0.167,"y":0.167},"t":70,"s":[{"i":[[0.75,2],[6,-13],[-11,-26],[-0.949,-2.846],[-1,-8.25],[-37.009,10.469],[0,0],[7.5,12.5],[0,0]],"o":[[-0.75,-2],[-6,13],[11,26],[1.25,3.75],[0.523,4.312],[37.009,-10.469],[0,0],[-7.5,-12.5],[0,0]],"v":[[51.385,-1.937],[-47,0],[-43,52],[19,173],[24.75,188.5],[83.991,218.469],[113.5,167],[92,112.5],[50,11]],"c":true}]},{"t":80,"s":[{"i":[[0.75,2],[6,-13],[-11,-26],[-0.949,-2.846],[-1,-8.25],[-37.009,10.469],[0,0],[7.5,12.5],[0,0]],"o":[[-0.75,-2],[-6,13],[11,26],[1.25,3.75],[0.523,4.312],[37.009,-10.469],[0,0],[-7.5,-12.5],[0,0]],"v":[[51.75,-10.5],[-47,0],[-43,52],[19,173],[24.75,188.5],[83.991,218.469],[113.5,167],[92,112.5],[50,11]],"c":true}]}],"ix":2},"nm":"Path 1","mn":"ADBE Vector Shape - Group","hd":false},{"ty":"st","c":{"a":0,"k":[0,0,0,1],"ix":3},"o":{"a":0,"k":100,"ix":4},"w":{"a":0,"k":0,"ix":5},"lc":1,"lj":1,"ml":4,"bm":0,"nm":"Stroke 1","mn":"ADBE Vector Graphic - Stroke","hd":false},{"ty":"fl","c":{"a":0,"k":[0,0.474509833841,0.729411764706,1],"ix":4},"o":{"a":0,"k":100,"ix":5},"r":1,"bm":0,"nm":"Fill 1","mn":"ADBE Vector Graphic - Fill","hd":false},{"ty":"tr","p":{"a":0,"k":[0,0],"ix":2},"a":{"a":0,"k":[0,0],"ix":1},"s":{"a":0,"k":[100,100],"ix":3},"r":{"a":0,"k":0,"ix":6},"o":{"a":0,"k":100,"ix":7},"sk":{"a":0,"k":0,"ix":4},"sa":{"a":0,"k":0,"ix":5},"nm":"Transform"}],"nm":"Shape 1","np":3,"cix":2,"bm":0,"ix":1,"mn":"ADBE Vector Group","hd":false}],"ip":0,"op":480,"st":-120,"bm":0},{"ddd":0,"ind":10,"ty":4,"nm":"нога 1.2","cl":"2","parent":9,"sr":1,"ks":{"o":{"a":0,"k":100,"ix":11},"r":{"a":1,"k":[{"i":{"x":[0.833],"y":[0.833]},"o":{"x":[0.167],"y":[0.167]},"t":0,"s":[-8]},{"i":{"x":[0.833],"y":[0.833]},"o":{"x":[0.167],"y":[0.167]},"t":10,"s":[-1.3]},{"i":{"x":[0.833],"y":[0.833]},"o":{"x":[0.167],"y":[0.167]},"t":20,"s":[-2.587]},{"i":{"x":[0.833],"y":[0.833]},"o":{"x":[0.167],"y":[0.167]},"t":40,"s":[-5]},{"i":{"x":[0.833],"y":[0.833]},"o":{"x":[0.167],"y":[0.167]},"t":50,"s":[33]},{"i":{"x":[0.833],"y":[0.833]},"o":{"x":[0.167],"y":[0.167]},"t":60,"s":[43]},{"i":{"x":[0.833],"y":[0.833]},"o":{"x":[0.167],"y":[0.167]},"t":70,"s":[0]},{"t":80,"s":[-8]}],"ix":10},"p":{"a":0,"k":[71,173,0],"ix":2},"a":{"a":0,"k":[71,173,0],"ix":1},"s":{"a":0,"k":[100,100,100],"ix":6}},"ao":0,"shapes":[{"ty":"gr","it":[{"ind":0,"ty":"sh","ix":1,"ks":{"a":0,"k":{"i":[[17,-5],[0,0],[-4,-3.5],[-1,0.5],[4.757,4.757]],"o":[[-17,5],[0,0],[4,3.5],[1,-0.5],[-11,-11]],"v":[[60,156],[24.889,186.311],[60,347],[138.5,328.5],[113.291,168.485]],"c":true},"ix":2},"nm":"Path 1","mn":"ADBE Vector Shape - Group","hd":false},{"ty":"st","c":{"a":0,"k":[0,0,0,1],"ix":3},"o":{"a":0,"k":100,"ix":4},"w":{"a":0,"k":0,"ix":5},"lc":1,"lj":1,"ml":4,"bm":0,"nm":"Stroke 1","mn":"ADBE Vector Graphic - Stroke","hd":false},{"ty":"fl","c":{"a":0,"k":[0,0.474509833841,0.729411764706,1],"ix":4},"o":{"a":0,"k":100,"ix":5},"r":1,"bm":0,"nm":"Fill 1","mn":"ADBE Vector Graphic - Fill","hd":false},{"ty":"tr","p":{"a":0,"k":[0,0],"ix":2},"a":{"a":0,"k":[0,0],"ix":1},"s":{"a":0,"k":[100,100],"ix":3},"r":{"a":0,"k":0,"ix":6},"o":{"a":0,"k":100,"ix":7},"sk":{"a":0,"k":0,"ix":4},"sa":{"a":0,"k":0,"ix":5},"nm":"Transform"}],"nm":"Shape 1","np":3,"cix":2,"bm":0,"ix":1,"mn":"ADBE Vector Group","hd":false}],"ip":0,"op":480,"st":-120,"bm":0},{"ddd":0,"ind":11,"ty":4,"nm":"бот 2","sr":1,"ks":{"o":{"a":0,"k":100,"ix":11},"r":{"a":1,"k":[{"i":{"x":[0.833],"y":[0.833]},"o":{"x":[0.167],"y":[0.167]},"t":0,"s":[-13]},{"i":{"x":[0.833],"y":[0.833]},"o":{"x":[0.167],"y":[0.167]},"t":10,"s":[6]},{"i":{"x":[0.833],"y":[0.833]},"o":{"x":[0.167],"y":[0.167]},"t":20,"s":[13]},{"i":{"x":[0.833],"y":[0.833]},"o":{"x":[0.167],"y":[0.167]},"t":40,"s":[41]},{"i":{"x":[0.833],"y":[0.833]},"o":{"x":[0.167],"y":[0.167]},"t":60,"s":[60]},{"i":{"x":[0.833],"y":[0.833]},"o":{"x":[0.167],"y":[0.167]},"t":70,"s":[5]},{"t":80,"s":[-13]}],"ix":10},"p":{"a":1,"k":[{"i":{"x":0.833,"y":0.833},"o":{"x":0.167,"y":0.167},"t":0,"s":[673.521,937.184,0],"to":[0,0,0],"ti":[0,0,0]},{"i":{"x":0.833,"y":0.833},"o":{"x":0.167,"y":0.167},"t":10,"s":[548.021,953.684,0],"to":[0,0,0],"ti":[0,0,0]},{"i":{"x":0.833,"y":0.833},"o":{"x":0.167,"y":0.167},"t":20,"s":[475.021,951.684,0],"to":[0,0,0],"ti":[0,0,0]},{"i":{"x":0.833,"y":0.833},"o":{"x":0.167,"y":0.167},"t":30,"s":[400.918,934.372,0],"to":[0,0,0],"ti":[0,0,0]},{"i":{"x":0.833,"y":0.833},"o":{"x":0.167,"y":0.167},"t":36,"s":[375.856,922.684,0],"to":[0,0,0],"ti":[0,0,0]},{"i":{"x":0.833,"y":0.833},"o":{"x":0.167,"y":0.167},"t":40,"s":[370.683,917.293,0],"to":[0,0,0],"ti":[0,0,0]},{"i":{"x":0.833,"y":0.833},"o":{"x":0.167,"y":0.167},"t":46,"s":[356.15,889.134,0],"to":[0,0,0],"ti":[0,0,0]},{"i":{"x":0.833,"y":0.833},"o":{"x":0.167,"y":0.167},"t":52,"s":[378.429,869.202,0],"to":[0,0,0],"ti":[0,0,0]},{"i":{"x":0.833,"y":0.833},"o":{"x":0.167,"y":0.167},"t":60,"s":[416.521,852.184,0],"to":[0,0,0],"ti":[0,0,0]},{"i":{"x":0.833,"y":0.833},"o":{"x":0.167,"y":0.167},"t":66,"s":[517.806,920.255,0],"to":[0,0,0],"ti":[0,0,0]},{"i":{"x":0.833,"y":0.833},"o":{"x":0.167,"y":0.167},"t":70,"s":[602.021,940.684,0],"to":[0,0,0],"ti":[0,0,0]},{"t":80,"s":[673.521,937.184,0]}],"ix":2},"a":{"a":0,"k":[279.259,415.731,0],"ix":1},"s":{"a":0,"k":[210,210,100],"ix":6}},"ao":0,"shapes":[{"ty":"gr","it":[{"ind":0,"ty":"sh","ix":1,"ks":{"a":1,"k":[{"i":{"x":0.833,"y":0.833},"o":{"x":0.167,"y":0.167},"t":26,"s":[{"i":[[0,0],[-6.987,1.686],[0,0]],"o":[[0,0],[6.987,-1.686],[0,0]],"v":[[279.621,423.911],[319.619,414.452],[337.505,410.273]],"c":false}]},{"i":{"x":0.833,"y":0.833},"o":{"x":0.167,"y":0.167},"t":38,"s":[{"i":[[0,0],[-13.614,5.403],[0,0]],"o":[[0,0],[7.591,-2.939],[0,0]],"v":[[279.551,423.87],[318.789,413.225],[335.113,402.573]],"c":false}]},{"i":{"x":0.833,"y":0.833},"o":{"x":0.167,"y":0.167},"t":40,"s":[{"i":[[0,0],[-14.718,6.022],[0,0]],"o":[[0,0],[7.692,-3.147],[0,0]],"v":[[279.54,423.863],[318.65,413.02],[335.023,402.019]],"c":false}]},{"i":{"x":0.833,"y":0.833},"o":{"x":0.167,"y":0.167},"t":44,"s":[{"i":[[0,0],[-13,5.059],[0,0]],"o":[[0,0],[7.535,-2.822],[0,0]],"v":[[279.558,423.874],[318.865,413.338],[335.2,402.8]],"c":false}]},{"i":{"x":0.833,"y":0.833},"o":{"x":0.167,"y":0.167},"t":46,"s":[{"i":[[0,0],[-12.141,4.577],[0,0]],"o":[[0,0],[7.457,-2.66],[0,0]],"v":[[279.567,423.879],[318.973,413.497],[335.455,403.512]],"c":false}]},{"t":58,"s":[{"i":[[0,0],[-6.987,1.686],[0,0]],"o":[[0,0],[6.987,-1.686],[0,0]],"v":[[279.621,423.911],[319.619,414.452],[337.505,410.273]],"c":false}]}],"ix":2},"nm":"Path 1","mn":"ADBE Vector Shape - Group","hd":false},{"ty":"st","c":{"a":0,"k":[1,1,1,1],"ix":3},"o":{"a":0,"k":100,"ix":4},"w":{"a":0,"k":0.64,"ix":5},"lc":1,"lj":1,"ml":4,"bm":0,"nm":"Stroke 1","mn":"ADBE Vector Graphic - Stroke","hd":false},{"ty":"tr","p":{"a":0,"k":[0,0],"ix":2},"a":{"a":0,"k":[0,0],"ix":1},"s":{"a":0,"k":[100,100],"ix":3},"r":{"a":0,"k":0,"ix":6},"o":{"a":0,"k":100,"ix":7},"sk":{"a":0,"k":0,"ix":4},"sa":{"a":0,"k":0,"ix":5},"nm":"Transform"}],"nm":"Shape 1","np":3,"cix":2,"bm":0,"ix":1,"mn":"ADBE Vector Group","hd":false},{"ty":"gr","it":[{"ind":0,"ty":"sh","ix":1,"ks":{"a":1,"k":[{"i":{"x":0.667,"y":1},"o":{"x":0.167,"y":0.167},"t":26,"s":[{"i":[[0,0],[0,0],[0,0],[0,0]],"o":[[0,0],[0,0],[0,0],[0,0]],"v":[[-12.071,1.512],[11.398,-4.155],[12.071,-1.392],[-11.449,4.155]],"c":true}]},{"i":{"x":0.833,"y":0.833},"o":{"x":0.333,"y":0},"t":40,"s":[{"i":[[0,0],[0,0],[0,0],[0,0]],"o":[[0,0],[0,0],[0,0],[0,0]],"v":[[-12.071,1.512],[11.398,-4.155],[11.694,-0.916],[-11.479,4.696]],"c":true}]},{"t":58,"s":[{"i":[[0,0],[0,0],[0,0],[0,0]],"o":[[0,0],[0,0],[0,0],[0,0]],"v":[[-12.071,1.512],[11.398,-4.155],[12.071,-1.392],[-11.449,4.155]],"c":true}]}],"ix":2},"nm":"Path 1","mn":"ADBE Vector Shape - Group","hd":false},{"ty":"fl","c":{"a":0,"k":[0.043137254902,0.219607858097,0.435294147566,1],"ix":4},"o":{"a":0,"k":100,"ix":5},"r":1,"bm":0,"nm":"Fill 1","mn":"ADBE Vector Graphic - Fill","hd":false},{"ty":"tr","p":{"a":0,"k":[290.022,425.379],"ix":2},"a":{"a":0,"k":[0,0],"ix":1},"s":{"a":0,"k":[100,100],"ix":3},"r":{"a":0,"k":0,"ix":6},"o":{"a":0,"k":100,"ix":7},"sk":{"a":0,"k":0,"ix":4},"sa":{"a":0,"k":0,"ix":5},"nm":"Transform"}],"nm":"Group 1","np":2,"cix":2,"bm":0,"ix":2,"mn":"ADBE Vector Group","hd":false},{"ty":"gr","it":[{"ind":0,"ty":"sh","ix":1,"ks":{"a":0,"k":{"i":[[-0.119,-0.502],[-0.502,0.119],[0.12,0.502],[0.501,-0.118]],"o":[[0.118,0.502],[0.502,-0.119],[-0.119,-0.502],[-0.502,0.119]],"v":[[-0.908,0.215],[0.215,0.908],[0.908,-0.216],[-0.215,-0.909]],"c":true},"ix":2},"nm":"Path 1","mn":"ADBE Vector Shape - Group","hd":false},{"ty":"fl","c":{"a":0,"k":[1,1,1,1],"ix":4},"o":{"a":0,"k":100,"ix":5},"r":1,"bm":0,"nm":"Fill 1","mn":"ADBE Vector Graphic - Fill","hd":false},{"ty":"tr","p":{"a":1,"k":[{"i":{"x":0.667,"y":1},"o":{"x":0.167,"y":0.167},"t":24,"s":[316.461,404.283],"to":[0,0],"ti":[0,0]},{"i":{"x":0.833,"y":0.833},"o":{"x":0.333,"y":0},"t":40,"s":[315.531,404.303],"to":[0,0],"ti":[0,0]},{"t":58,"s":[316.461,404.283]}],"ix":2},"a":{"a":0,"k":[0,0],"ix":1},"s":{"a":0,"k":[100,100],"ix":3},"r":{"a":0,"k":0,"ix":6},"o":{"a":0,"k":100,"ix":7},"sk":{"a":0,"k":0,"ix":4},"sa":{"a":0,"k":0,"ix":5},"nm":"Transform"}],"nm":"Group 3","np":2,"cix":2,"bm":0,"ix":3,"mn":"ADBE Vector Group","hd":false},{"ty":"gr","it":[{"ind":0,"ty":"sh","ix":1,"ks":{"a":0,"k":{"i":[[-0.119,-0.501],[-0.501,0.119],[0.12,0.502],[0.502,-0.119]],"o":[[0.119,0.502],[0.502,-0.118],[-0.118,-0.502],[-0.502,0.119]],"v":[[-0.908,0.215],[0.215,0.908],[0.908,-0.215],[-0.215,-0.908]],"c":true},"ix":2},"nm":"Path 1","mn":"ADBE Vector Shape - Group","hd":false},{"ty":"fl","c":{"a":0,"k":[1,1,1,1],"ix":4},"o":{"a":0,"k":100,"ix":5},"r":1,"bm":0,"nm":"Fill 1","mn":"ADBE Vector Graphic - Fill","hd":false},{"ty":"tr","p":{"a":1,"k":[{"i":{"x":0.833,"y":0.833},"o":{"x":0.167,"y":0.167},"t":26,"s":[310.159,404.816],"to":[0,0],"ti":[0,0]},{"i":{"x":0.833,"y":0.833},"o":{"x":0.167,"y":0.167},"t":40,"s":[309.714,405.755],"to":[0,0],"ti":[0,0]},{"t":58,"s":[310.159,404.816]}],"ix":2},"a":{"a":0,"k":[0,0],"ix":1},"s":{"a":0,"k":[100,100],"ix":3},"r":{"a":0,"k":0,"ix":6},"o":{"a":0,"k":100,"ix":7},"sk":{"a":0,"k":0,"ix":4},"sa":{"a":0,"k":0,"ix":5},"nm":"Transform"}],"nm":"Group 4","np":2,"cix":2,"bm":0,"ix":4,"mn":"ADBE Vector Group","hd":false},{"ty":"gr","it":[{"ind":0,"ty":"sh","ix":1,"ks":{"a":0,"k":{"i":[[-0.119,-0.502],[-0.502,0.119],[0.12,0.502],[0.501,-0.119]],"o":[[0.118,0.501],[0.502,-0.119],[-0.119,-0.502],[-0.502,0.119]],"v":[[-0.908,0.216],[0.215,0.909],[0.908,-0.215],[-0.215,-0.908]],"c":true},"ix":2},"nm":"Path 1","mn":"ADBE Vector Shape - Group","hd":false},{"ty":"fl","c":{"a":0,"k":[1,1,1,1],"ix":4},"o":{"a":0,"k":100,"ix":5},"r":1,"bm":0,"nm":"Fill 1","mn":"ADBE Vector Graphic - Fill","hd":false},{"ty":"tr","p":{"a":0,"k":[304.358,403.571],"ix":2},"a":{"a":0,"k":[0,0],"ix":1},"s":{"a":0,"k":[100,100],"ix":3},"r":{"a":0,"k":0,"ix":6},"o":{"a":0,"k":100,"ix":7},"sk":{"a":0,"k":0,"ix":4},"sa":{"a":0,"k":0,"ix":5},"nm":"Transform"}],"nm":"Group 5","np":2,"cix":2,"bm":0,"ix":5,"mn":"ADBE Vector Group","hd":false},{"ty":"gr","it":[{"ind":0,"ty":"sh","ix":1,"ks":{"a":0,"k":{"i":[[-0.119,-0.501],[-0.501,0.119],[0.12,0.502],[0.502,-0.119]],"o":[[0.118,0.502],[0.502,-0.118],[-0.118,-0.502],[-0.502,0.118]],"v":[[-0.908,0.215],[0.215,0.908],[0.908,-0.215],[-0.215,-0.908]],"c":true},"ix":2},"nm":"Path 1","mn":"ADBE Vector Shape - Group","hd":false},{"ty":"fl","c":{"a":0,"k":[1,1,1,1],"ix":4},"o":{"a":0,"k":100,"ix":5},"r":1,"bm":0,"nm":"Fill 1","mn":"ADBE Vector Graphic - Fill","hd":false},{"ty":"tr","p":{"a":0,"k":[300.62,400.207],"ix":2},"a":{"a":0,"k":[0,0],"ix":1},"s":{"a":0,"k":[100,100],"ix":3},"r":{"a":0,"k":0,"ix":6},"o":{"a":0,"k":100,"ix":7},"sk":{"a":0,"k":0,"ix":4},"sa":{"a":0,"k":0,"ix":5},"nm":"Transform"}],"nm":"Group 6","np":2,"cix":2,"bm":0,"ix":6,"mn":"ADBE Vector Group","hd":false},{"ty":"gr","it":[{"ind":0,"ty":"sh","ix":1,"ks":{"a":1,"k":[{"i":{"x":0.667,"y":1},"o":{"x":0.167,"y":0.167},"t":24,"s":[{"i":[[0,0],[-14.116,3.348],[0,0],[0,0],[10.844,-2.495],[0,0]],"o":[[0,0],[14.116,-3.348],[0,0],[0,0],[-10.844,2.495],[0,0]],"v":[[-30.854,9.342],[12.52,-0.929],[31.767,-5.486],[30.615,-9.093],[10.5,-4.478],[-31.522,5.483]],"c":true}]},{"i":{"x":0.833,"y":0.833},"o":{"x":0.333,"y":0},"t":40,"s":[{"i":[[0,0],[-8.927,3.102],[0,0],[0,0],[10.775,-4.26],[0,0]],"o":[[0,0],[7.748,-2.692],[0,0],[0,0],[-10.285,4.066],[0,0]],"v":[[-30.854,9.342],[9.98,-1.945],[28.36,-14.354],[26.604,-17.593],[10.032,-9.517],[-31.522,5.483]],"c":true}]},{"t":58,"s":[{"i":[[0,0],[-14.116,3.348],[0,0],[0,0],[10.844,-2.495],[0,0]],"o":[[0,0],[14.116,-3.348],[0,0],[0,0],[-10.844,2.495],[0,0]],"v":[[-30.854,9.342],[12.52,-0.929],[31.767,-5.486],[30.615,-9.093],[10.5,-4.478],[-31.522,5.483]],"c":true}]}],"ix":2},"nm":"Path 1","mn":"ADBE Vector Shape - Group","hd":false},{"ty":"fl","c":{"a":0,"k":[0.043137254902,0.219607858097,0.435294147566,1],"ix":4},"o":{"a":0,"k":100,"ix":5},"r":1,"bm":0,"nm":"Fill 1","mn":"ADBE Vector Graphic - Fill","hd":false},{"ty":"tr","p":{"a":0,"k":[309.128,418.913],"ix":2},"a":{"a":0,"k":[0,0],"ix":1},"s":{"a":0,"k":[100,100],"ix":3},"r":{"a":0,"k":0,"ix":6},"o":{"a":0,"k":100,"ix":7},"sk":{"a":0,"k":0,"ix":4},"sa":{"a":0,"k":0,"ix":5},"nm":"Transform"}],"nm":"Group 7","np":2,"cix":2,"bm":0,"ix":7,"mn":"ADBE Vector Group","hd":false},{"ty":"gr","it":[{"ind":0,"ty":"sh","ix":1,"ks":{"a":1,"k":[{"i":{"x":0.667,"y":1},"o":{"x":0.167,"y":0.167},"t":24,"s":[{"i":[[-0.275,-1.161],[0,0],[0,0],[0,0],[12.638,-1.097],[3.619,3.008],[0.512,1.862],[1.139,-0.27],[0,0]],"o":[[0,0],[0,0],[0,0],[0,0],[-12.639,1.095],[-2.058,-1.71],[-0.31,-1.129],[0,0],[-1.161,0.275]],"v":[[-31.598,-7.273],[-26.141,15.77],[20.223,4.792],[31.873,2.033],[18.871,-7.217],[-0.017,-7.677],[-3.642,-13.956],[-6.226,-15.501],[-29.994,-9.873]],"c":true}]},{"i":{"x":0.833,"y":0.833},"o":{"x":0.333,"y":0},"t":40,"s":[{"i":[[-0.275,-1.161],[0,0],[-6.082,2.28],[0,0],[9.926,-7.039],[2.84,4.206],[0.512,1.862],[1.139,-0.27],[0,0]],"o":[[0,0],[0,0],[6.605,-2.476],[0,0],[-7.892,6.124],[-1.496,-2.201],[-0.31,-1.129],[0,0],[-1.161,0.275]],"v":[[-31.598,-7.273],[-26.141,15.77],[14.248,2.064],[29.33,-6.245],[16.741,-11.247],[-1.009,-6.755],[-3.642,-13.956],[-6.226,-15.501],[-29.994,-9.873]],"c":true}]},{"t":58,"s":[{"i":[[-0.275,-1.161],[0,0],[0,0],[0,0],[12.638,-1.097],[3.619,3.008],[0.512,1.862],[1.139,-0.27],[0,0]],"o":[[0,0],[0,0],[0,0],[0,0],[-12.639,1.095],[-2.058,-1.71],[-0.31,-1.129],[0,0],[-1.161,0.275]],"v":[[-31.598,-7.273],[-26.141,15.77],[20.223,4.792],[31.873,2.033],[18.871,-7.217],[-0.017,-7.677],[-3.642,-13.956],[-6.226,-15.501],[-29.994,-9.873]],"c":true}]}],"ix":2},"nm":"Path 1","mn":"ADBE Vector Shape - Group","hd":false},{"ty":"fl","c":{"a":0,"k":[0.043137254902,0.219607858097,0.435294147566,1],"ix":4},"o":{"a":0,"k":100,"ix":5},"r":1,"bm":0,"nm":"Fill 1","mn":"ADBE Vector Graphic - Fill","hd":false},{"ty":"tr","p":{"a":0,"k":[305.675,408.115],"ix":2},"a":{"a":0,"k":[0,0],"ix":1},"s":{"a":0,"k":[100,100],"ix":3},"r":{"a":0,"k":0,"ix":6},"o":{"a":0,"k":100,"ix":7},"sk":{"a":0,"k":0,"ix":4},"sa":{"a":0,"k":0,"ix":5},"nm":"Transform"}],"nm":"Group 8","np":2,"cix":2,"bm":0,"ix":8,"mn":"ADBE Vector Group","hd":false}],"ip":0,"op":480,"st":-120,"bm":0},{"ddd":0,"ind":12,"ty":4,"nm":"Shape Layer 1","sr":1,"ks":{"o":{"a":0,"k":100,"ix":11},"r":{"a":1,"k":[{"i":{"x":[0.833],"y":[0.833]},"o":{"x":[0.167],"y":[0.167]},"t":0,"s":[0]},{"i":{"x":[0.833],"y":[0.833]},"o":{"x":[0.167],"y":[0.167]},"t":12,"s":[22.7]},{"i":{"x":[0.833],"y":[0.833]},"o":{"x":[0.167],"y":[0.167]},"t":20,"s":[29.214]},{"i":{"x":[0.833],"y":[0.833]},"o":{"x":[0.167],"y":[0.167]},"t":40,"s":[49]},{"i":{"x":[0.833],"y":[0.833]},"o":{"x":[0.167],"y":[0.167]},"t":60,"s":[72.5]},{"i":{"x":[0.833],"y":[0.833]},"o":{"x":[0.167],"y":[0.167]},"t":70,"s":[17.25]},{"t":80,"s":[0]}],"ix":10},"p":{"a":1,"k":[{"i":{"x":0.833,"y":0.833},"o":{"x":0.167,"y":0.167},"t":0,"s":[677.25,879.75,0],"to":[0,0,0],"ti":[0,0,0]},{"i":{"x":0.833,"y":0.833},"o":{"x":0.167,"y":0.167},"t":12,"s":[556.901,900.45,0],"to":[0,0,0],"ti":[0,0,0]},{"i":{"x":0.833,"y":0.833},"o":{"x":0.167,"y":0.167},"t":20,"s":[502.502,897.75,0],"to":[0,0,0],"ti":[0,0,0]},{"i":{"x":0.833,"y":0.833},"o":{"x":0.167,"y":0.167},"t":28,"s":[453.207,887.022,0],"to":[0,0,0],"ti":[0,0,0]},{"i":{"x":0.833,"y":0.833},"o":{"x":0.167,"y":0.167},"t":34,"s":[428.483,881.601,0],"to":[0,0,0],"ti":[0,0,0]},{"i":{"x":0.833,"y":0.833},"o":{"x":0.167,"y":0.167},"t":40,"s":[416.75,884.75,0],"to":[0,0,0],"ti":[0,0,0]},{"i":{"x":0.833,"y":0.833},"o":{"x":0.167,"y":0.167},"t":44,"s":[408.5,867.15,0],"to":[0,0,0],"ti":[0,0,0]},{"i":{"x":0.833,"y":0.833},"o":{"x":0.167,"y":0.167},"t":48,"s":[415.251,854.55,0],"to":[0,0,0],"ti":[0,0,0]},{"i":{"x":0.833,"y":0.833},"o":{"x":0.167,"y":0.167},"t":60,"s":[471.002,841.25,0],"to":[0,0,0],"ti":[0,0,0]},{"i":{"x":0.833,"y":0.833},"o":{"x":0.167,"y":0.167},"t":66,"s":[556.076,879.4,0],"to":[0,0,0],"ti":[0,0,0]},{"i":{"x":0.833,"y":0.833},"o":{"x":0.167,"y":0.167},"t":70,"s":[621.128,886.5,0],"to":[0,0,0],"ti":[0,0,0]},{"t":80,"s":[677.25,879.75,0]}],"ix":2},"a":{"a":0,"k":[-72.75,129.75,0],"ix":1},"s":{"a":0,"k":[100,100,100],"ix":6}},"ao":0,"shapes":[{"ty":"gr","it":[{"ind":0,"ty":"sh","ix":1,"ks":{"a":0,"k":{"i":[[0,0],[0,0],[0,0],[0,0]],"o":[[0,0],[0,0],[0,0],[0,0]],"v":[[-63,98.5],[-104,121.5],[-85,161],[-41.5,141]],"c":true},"ix":2},"nm":"Path 1","mn":"ADBE Vector Shape - Group","hd":false},{"ty":"st","c":{"a":0,"k":[0.043137254902,0.219607858097,0.435294147566,1],"ix":3},"o":{"a":0,"k":100,"ix":4},"w":{"a":0,"k":0,"ix":5},"lc":1,"lj":1,"ml":4,"bm":0,"nm":"Stroke 1","mn":"ADBE Vector Graphic - Stroke","hd":false},{"ty":"fl","c":{"a":0,"k":[1,0.713725490196,0.501960784314,1],"ix":4},"o":{"a":0,"k":100,"ix":5},"r":1,"bm":0,"nm":"Fill 1","mn":"ADBE Vector Graphic - Fill","hd":false},{"ty":"tr","p":{"a":0,"k":[0,0],"ix":2},"a":{"a":0,"k":[0,0],"ix":1},"s":{"a":0,"k":[100,100],"ix":3},"r":{"a":0,"k":0,"ix":6},"o":{"a":0,"k":100,"ix":7},"sk":{"a":0,"k":0,"ix":4},"sa":{"a":0,"k":0,"ix":5},"nm":"Transform"}],"nm":"Shape 1","np":3,"cix":2,"bm":0,"ix":1,"mn":"ADBE Vector Group","hd":false}],"ip":0,"op":1680,"st":-120,"bm":0},{"ddd":0,"ind":13,"ty":4,"nm":"нога 3","parent":22,"sr":1,"ks":{"o":{"a":0,"k":100,"ix":11},"r":{"a":1,"k":[{"i":{"x":[0.667],"y":[1]},"o":{"x":[0.167],"y":[0.167]},"t":0,"s":[0]},{"i":{"x":[0.833],"y":[0.833]},"o":{"x":[0.333],"y":[0]},"t":40,"s":[-41]},{"t":80,"s":[0]}],"ix":10},"p":{"a":0,"k":[0,8,0],"ix":2},"a":{"a":0,"k":[0,0,0],"ix":1},"s":{"a":0,"k":[100,100,100],"ix":6}},"ao":0,"shapes":[{"ty":"gr","it":[{"ind":0,"ty":"sh","ix":1,"ks":{"a":1,"k":[{"i":{"x":0.833,"y":0.833},"o":{"x":0.167,"y":0.167},"t":0,"s":[{"i":[[5,-8],[18,-145],[-29.641,-13.692],[-2.715,8.144],[0,14]],"o":[[-5,8],[-0.282,2.268],[28.027,12.947],[5,-15],[0,-14]],"v":[[-29,29],[-67,168],[-44.527,216.553],[12,200],[52,-18]],"c":true}]},{"i":{"x":0.833,"y":0.833},"o":{"x":0.167,"y":0.167},"t":10,"s":[{"i":[[5,-8],[18,-145],[-29.641,-13.692],[-2.715,8.144],[3.184,60.671]],"o":[[-5,8],[-0.282,2.268],[28.027,12.947],[5,-15],[-0.734,-13.981]],"v":[[-29,29],[-67,168],[-44.527,216.553],[12,200],[50.668,1.169]],"c":true}]},{"i":{"x":0.833,"y":0.833},"o":{"x":0.167,"y":0.167},"t":20,"s":[{"i":[[5,-8],[18,-145],[-29.641,-13.692],[-2.715,8.144],[-11.416,61.754]],"o":[[-5,8],[-0.282,2.268],[28.027,12.947],[5,-15],[2.545,-13.767]],"v":[[-29,29],[-67,168],[-44.527,216.553],[12,200],[51.037,1.109]],"c":true}]},{"i":{"x":0.833,"y":0.833},"o":{"x":0.167,"y":0.167},"t":36,"s":[{"i":[[5,-8],[18,-145],[-29.641,-13.692],[-2.715,8.144],[-11.416,61.754]],"o":[[-5,8],[-0.282,2.268],[28.027,12.947],[5,-15],[2.545,-13.767]],"v":[[-29,29],[-67,168],[-44.527,216.553],[12,200],[46.155,6.574]],"c":true}]},{"i":{"x":0.833,"y":0.833},"o":{"x":0.167,"y":0.167},"t":60,"s":[{"i":[[5,-8],[18,-145],[-29.641,-13.692],[-2.715,8.144],[-11.416,61.754]],"o":[[-5,8],[-0.282,2.268],[28.027,12.947],[5,-15],[2.545,-13.767]],"v":[[-29,29],[-67,168],[-44.527,216.553],[12,200],[49.747,8.335]],"c":true}]},{"t":80,"s":[{"i":[[5,-8],[18,-145],[-29.641,-13.692],[-2.715,8.144],[0,14]],"o":[[-5,8],[-0.282,2.268],[28.027,12.947],[5,-15],[0,-14]],"v":[[-29,29],[-67,168],[-44.527,216.553],[12,200],[52,-18]],"c":true}]}],"ix":2},"nm":"Path 1","mn":"ADBE Vector Shape - Group","hd":false},{"ty":"st","c":{"a":0,"k":[0,0,0,1],"ix":3},"o":{"a":0,"k":100,"ix":4},"w":{"a":0,"k":0,"ix":5},"lc":1,"lj":1,"ml":4,"bm":0,"nm":"Stroke 1","mn":"ADBE Vector Graphic - Stroke","hd":false},{"ty":"fl","c":{"a":0,"k":[0,0.420936135685,0.647058823529,1],"ix":4},"o":{"a":0,"k":100,"ix":5},"r":1,"bm":0,"nm":"Fill 1","mn":"ADBE Vector Graphic - Fill","hd":false},{"ty":"tr","p":{"a":0,"k":[0,0],"ix":2},"a":{"a":0,"k":[0,0],"ix":1},"s":{"a":0,"k":[100,100],"ix":3},"r":{"a":0,"k":0,"ix":6},"o":{"a":0,"k":100,"ix":7},"sk":{"a":0,"k":0,"ix":4},"sa":{"a":0,"k":0,"ix":5},"nm":"Transform"}],"nm":"Shape 1","np":3,"cix":2,"bm":0,"ix":1,"mn":"ADBE Vector Group","hd":false}],"ip":0,"op":480,"st":-120,"bm":0},{"ddd":0,"ind":14,"ty":4,"nm":"нога 2.2","cl":"2","parent":13,"sr":1,"ks":{"o":{"a":0,"k":100,"ix":11},"r":{"a":1,"k":[{"i":{"x":[0.833],"y":[0.833]},"o":{"x":[0.167],"y":[0.167]},"t":0,"s":[0]},{"i":{"x":[0.833],"y":[0.833]},"o":{"x":[0.167],"y":[0.167]},"t":10,"s":[20]},{"i":{"x":[0.833],"y":[0.833]},"o":{"x":[0.167],"y":[0.167]},"t":20,"s":[42]},{"i":{"x":[0.833],"y":[0.833]},"o":{"x":[0.167],"y":[0.167]},"t":40,"s":[-9]},{"i":{"x":[0.833],"y":[0.833]},"o":{"x":[0.167],"y":[0.167]},"t":60,"s":[-3]},{"t":80,"s":[0]}],"ix":10},"p":{"a":0,"k":[-31,196,0],"ix":2},"a":{"a":0,"k":[-31,196,0],"ix":1},"s":{"a":0,"k":[100,100,100],"ix":6}},"ao":0,"shapes":[{"ty":"gr","it":[{"ind":0,"ty":"sh","ix":1,"ks":{"a":1,"k":[{"i":{"x":0.833,"y":0.833},"o":{"x":0.167,"y":0.167},"t":0,"s":[{"i":[[16.589,-32.306],[0,-2],[-4,2],[-2,10.5],[1.704,1.748]],"o":[[-19,37],[0,2],[4,-2],[0.053,-0.279],[-11.725,-12.027]],"v":[[-66.5,174],[-131.5,313.5],[-60.5,341.5],[12.75,196.5],[10.169,193.308]],"c":true}]},{"i":{"x":0.833,"y":0.833},"o":{"x":0.167,"y":0.167},"t":8,"s":[{"i":[[15.034,-29.277],[0,-2],[-4,2],[-1.633,27.276],[1.444,6.449]],"o":[[-19,37],[0,2],[4,-2],[0.028,-0.466],[-4.986,-23.886]],"v":[[-66.5,174],[-131.5,313.5],[-60.5,341.5],[12.75,196.5],[8.876,179.709]],"c":true}]},{"i":{"x":0.833,"y":0.833},"o":{"x":0.167,"y":0.167},"t":14,"s":[{"i":[[14.568,-28.369],[0,-2],[-4,2],[-1.635,11.075],[4.626,9.678]],"o":[[-19,37],[0,2],[4,-2],[0.076,-0.516],[-9.902,-20.717]],"v":[[-66.5,174],[-131.5,313.5],[-60.5,341.5],[12.75,196.5],[6.642,175.479]],"c":true}]},{"i":{"x":0.833,"y":0.833},"o":{"x":0.167,"y":0.167},"t":22,"s":[{"i":[[14.783,-28.788],[0,-2],[-4,2],[-0.513,10.608],[3.873,6.255]],"o":[[-19,37],[0,2],[4,-2],[0.024,-0.496],[-9.556,-20.041]],"v":[[-66.5,174],[-131.5,313.5],[-60.5,341.5],[12.75,196.5],[7.017,177.375]],"c":true}]},{"i":{"x":0.833,"y":0.833},"o":{"x":0.167,"y":0.167},"t":30,"s":[{"i":[[14.998,-29.206],[0,-2],[-4,2],[-2,10.5],[2.872,6.038]],"o":[[-19,37],[0,2],[4,-2],[0.088,-0.463],[-9.815,-19.087]],"v":[[-66.5,174],[-131.5,313.5],[-60.5,341.5],[11.266,196.168],[10.598,178.683]],"c":true}]},{"i":{"x":0.833,"y":0.833},"o":{"x":0.167,"y":0.167},"t":36,"s":[{"i":[[15.127,-29.458],[0,-2],[-4,2],[-3.056,10.262],[4.797,6.31]],"o":[[-19,37],[0,2],[4,-2],[0.13,-0.437],[-9.969,-18.515]],"v":[[-66.5,174],[-131.5,313.5],[-60.5,341.5],[12.75,196.5],[10.563,179.869]],"c":true}]},{"i":{"x":0.833,"y":0.833},"o":{"x":0.167,"y":0.167},"t":40,"s":[{"i":[[15.299,-29.793],[0,-2],[-4,2],[-2,10.5],[2.651,5.226]],"o":[[-19,37],[0,2],[4,-2],[0.082,-0.428],[-10.176,-17.751]],"v":[[-66.5,174],[-131.5,313.5],[-60.5,341.5],[13.56,199.41],[10.517,181.45]],"c":true}]},{"t":80,"s":[{"i":[[16.589,-32.306],[0,-2],[-4,2],[-2,10.5],[1.704,1.748]],"o":[[-19,37],[0,2],[4,-2],[0.053,-0.279],[-11.725,-12.027]],"v":[[-66.5,174],[-131.5,313.5],[-60.5,341.5],[12.75,196.5],[10.169,193.308]],"c":true}]}],"ix":2},"nm":"Path 1","mn":"ADBE Vector Shape - Group","hd":false},{"ty":"st","c":{"a":0,"k":[0,0,0,1],"ix":3},"o":{"a":0,"k":100,"ix":4},"w":{"a":0,"k":0,"ix":5},"lc":1,"lj":1,"ml":4,"bm":0,"nm":"Stroke 1","mn":"ADBE Vector Graphic - Stroke","hd":false},{"ty":"fl","c":{"a":0,"k":[0,0.419607873056,0.647058823529,1],"ix":4},"o":{"a":0,"k":100,"ix":5},"r":1,"bm":0,"nm":"Fill 1","mn":"ADBE Vector Graphic - Fill","hd":false},{"ty":"tr","p":{"a":0,"k":[0,0],"ix":2},"a":{"a":0,"k":[0,0],"ix":1},"s":{"a":0,"k":[100,100],"ix":3},"r":{"a":0,"k":0,"ix":6},"o":{"a":0,"k":100,"ix":7},"sk":{"a":0,"k":0,"ix":4},"sa":{"a":0,"k":0,"ix":5},"nm":"Transform"}],"nm":"Shape 1","np":3,"cix":2,"bm":0,"ix":1,"mn":"ADBE Vector Group","hd":false}],"ip":0,"op":480,"st":-120,"bm":0},{"ddd":0,"ind":15,"ty":4,"nm":"бот 2 2","sr":1,"ks":{"o":{"a":0,"k":100,"ix":11},"r":{"a":1,"k":[{"i":{"x":[0.833],"y":[0.833]},"o":{"x":[0.167],"y":[0.167]},"t":0,"s":[0]},{"i":{"x":[0.833],"y":[0.833]},"o":{"x":[0.167],"y":[0.167]},"t":10,"s":[23]},{"i":{"x":[0.833],"y":[0.833]},"o":{"x":[0.167],"y":[0.167]},"t":20,"s":[25]},{"i":{"x":[0.833],"y":[0.833]},"o":{"x":[0.167],"y":[0.167]},"t":30,"s":[-4]},{"i":{"x":[0.833],"y":[0.833]},"o":{"x":[0.167],"y":[0.167]},"t":40,"s":[-53]},{"i":{"x":[0.833],"y":[0.833]},"o":{"x":[0.167],"y":[0.167]},"t":50,"s":[-36]},{"i":{"x":[0.833],"y":[0.833]},"o":{"x":[0.167],"y":[0.167]},"t":60,"s":[-24]},{"i":{"x":[0.833],"y":[0.833]},"o":{"x":[0.167],"y":[0.167]},"t":70,"s":[-13]},{"t":80,"s":[0]}],"ix":10},"p":{"a":1,"k":[{"i":{"x":0.833,"y":0.833},"o":{"x":0.167,"y":0.167},"t":0,"s":[401.074,911.053,0],"to":[0,0,0],"ti":[0,0,0]},{"i":{"x":0.833,"y":0.833},"o":{"x":0.167,"y":0.167},"t":10,"s":[424.574,878.053,0],"to":[0,0,0],"ti":[0,0,0]},{"i":{"x":0.833,"y":0.833},"o":{"x":0.167,"y":0.167},"t":20,"s":[445.574,852.053,0],"to":[0,0,0],"ti":[0,0,0]},{"i":{"x":0.833,"y":0.833},"o":{"x":0.167,"y":0.167},"t":30,"s":[567.574,905.553,0],"to":[0,0,0],"ti":[0,0,0]},{"i":{"x":0.833,"y":0.833},"o":{"x":0.167,"y":0.167},"t":34,"s":[628.075,910.553,0],"to":[0,0,0],"ti":[0,0,0]},{"i":{"x":0.833,"y":0.833},"o":{"x":0.167,"y":0.167},"t":40,"s":[702.574,913.053,0],"to":[0,0,0],"ti":[0,0,0]},{"i":{"x":0.833,"y":0.833},"o":{"x":0.167,"y":0.167},"t":46,"s":[676.974,913.653,0],"to":[0,0,0],"ti":[0,0,0]},{"i":{"x":0.833,"y":0.833},"o":{"x":0.167,"y":0.167},"t":50,"s":[651.574,921.553,0],"to":[0,0,0],"ti":[0,0,0]},{"i":{"x":0.833,"y":0.833},"o":{"x":0.167,"y":0.167},"t":60,"s":[573.574,931.553,0],"to":[0,0,0],"ti":[0,0,0]},{"i":{"x":0.833,"y":0.833},"o":{"x":0.167,"y":0.167},"t":70,"s":[484.074,927.053,0],"to":[0,0,0],"ti":[0,0,0]},{"t":80,"s":[401.074,911.053,0]}],"ix":2},"a":{"a":0,"k":[168.526,391.958,0],"ix":1},"s":{"a":0,"k":[210,210,100],"ix":6}},"ao":0,"shapes":[{"ty":"gr","it":[{"ind":0,"ty":"sh","ix":1,"ks":{"a":1,"k":[{"i":{"x":0.833,"y":0.833},"o":{"x":0.333,"y":0},"t":0,"s":[{"i":[[0,0],[-14.873,-3.746],[0,0]],"o":[[0,0],[12.335,3.107],[0,0]],"v":[[161.258,400.878],[200.804,417.893],[218.72,420.633]],"c":false}]},{"i":{"x":0.833,"y":0.833},"o":{"x":0.167,"y":0.167},"t":18,"s":[{"i":[[0,0],[-5.081,-2.197],[0,0]],"o":[[0,0],[5.081,2.197],[0,0]],"v":[[161.258,400.878],[199.912,417.893],[215.863,424.799]],"c":false}]},{"i":{"x":0.667,"y":1},"o":{"x":0.167,"y":0.167},"t":62,"s":[{"i":[[0,0],[-5.081,-2.197],[0,0]],"o":[[0,0],[5.081,2.197],[0,0]],"v":[[161.258,400.878],[199.912,417.893],[215.863,424.799]],"c":false}]},{"t":80,"s":[{"i":[[0,0],[-14.873,-3.746],[0,0]],"o":[[0,0],[12.335,3.107],[0,0]],"v":[[161.258,400.878],[200.804,417.893],[218.72,420.633]],"c":false}]}],"ix":2},"nm":"Path 1","mn":"ADBE Vector Shape - Group","hd":false},{"ty":"st","c":{"a":0,"k":[1,1,1,1],"ix":3},"o":{"a":0,"k":100,"ix":4},"w":{"a":0,"k":1,"ix":5},"lc":1,"lj":1,"ml":4,"bm":0,"nm":"Stroke 1","mn":"ADBE Vector Graphic - Stroke","hd":false},{"ty":"tr","p":{"a":0,"k":[0,-0.25],"ix":2},"a":{"a":0,"k":[0,0],"ix":1},"s":{"a":0,"k":[100,100],"ix":3},"r":{"a":0,"k":0,"ix":6},"o":{"a":0,"k":100,"ix":7},"sk":{"a":0,"k":0,"ix":4},"sa":{"a":0,"k":0,"ix":5},"nm":"Transform"}],"nm":"Shape 2","np":3,"cix":2,"bm":0,"ix":1,"mn":"ADBE Vector Group","hd":false},{"ty":"gr","it":[{"ind":0,"ty":"sh","ix":1,"ks":{"a":1,"k":[{"i":{"x":0.833,"y":0.833},"o":{"x":0.333,"y":0},"t":0,"s":[{"i":[[0,0],[0,0],[-14.306,-4.753],[0,0],[0,0],[8.155,1.798]],"o":[[0,0],[0,0],[6.642,2.207],[0,0],[0,0],[-10.915,-2.407]],"v":[[159.155,400.04],[157.408,404.36],[196.428,420.376],[219.578,424.278],[219.721,420.471],[200.805,418.089]],"c":true}]},{"i":{"x":0.833,"y":0.833},"o":{"x":0.167,"y":0.167},"t":18,"s":[{"i":[[0,0],[0,0],[0,0],[0,0],[0,0],[0,0]],"o":[[0,0],[0,0],[0,0],[0,0],[0,0],[0,0]],"v":[[159.155,400.04],[157.497,403.765],[200.66,422.577],[216.512,429.486],[218.174,425.828],[202.491,418.975]],"c":true}]},{"i":{"x":0.667,"y":1},"o":{"x":0.167,"y":0.167},"t":62,"s":[{"i":[[0,0],[0,0],[0,0],[0,0],[0,0],[0,0]],"o":[[0,0],[0,0],[0,0],[0,0],[0,0],[0,0]],"v":[[159.155,400.04],[157.497,403.765],[200.66,422.577],[216.512,429.486],[218.174,425.828],[202.491,418.975]],"c":true}]},{"t":80,"s":[{"i":[[0,0],[0,0],[-14.306,-4.753],[0,0],[0,0],[8.155,1.798]],"o":[[0,0],[0,0],[6.642,2.207],[0,0],[0,0],[-10.915,-2.407]],"v":[[159.155,400.04],[157.408,404.36],[196.428,420.376],[219.578,424.278],[219.721,420.471],[200.805,418.089]],"c":true}]}],"ix":2},"nm":"Path 1","mn":"ADBE Vector Shape - Group","hd":false},{"ty":"st","c":{"a":0,"k":[0,0,0,1],"ix":3},"o":{"a":0,"k":100,"ix":4},"w":{"a":0,"k":0,"ix":5},"lc":1,"lj":1,"ml":4,"bm":0,"nm":"Stroke 1","mn":"ADBE Vector Graphic - Stroke","hd":false},{"ty":"fl","c":{"a":0,"k":[0.019607843137,0.180392156863,0.376470618154,1],"ix":4},"o":{"a":0,"k":100,"ix":5},"r":1,"bm":0,"nm":"Fill 1","mn":"ADBE Vector Graphic - Fill","hd":false},{"ty":"tr","p":{"a":0,"k":[0,0],"ix":2},"a":{"a":0,"k":[0,0],"ix":1},"s":{"a":0,"k":[100,100],"ix":3},"r":{"a":0,"k":0,"ix":6},"o":{"a":0,"k":100,"ix":7},"sk":{"a":0,"k":0,"ix":4},"sa":{"a":0,"k":0,"ix":5},"nm":"Transform"}],"nm":"Shape 1","np":3,"cix":2,"bm":0,"ix":2,"mn":"ADBE Vector Group","hd":false},{"ty":"gr","it":[{"ind":0,"ty":"sh","ix":1,"ks":{"a":1,"k":[{"i":{"x":0.833,"y":0.833},"o":{"x":0.333,"y":0},"t":0,"s":[{"i":[[0,0],[0,0],[0,0],[0,0]],"o":[[0,0],[0,0],[0,0],[0,0]],"v":[[-10.656,-5.528],[11.628,3.479],[10.267,6.539],[-11.747,-3.309]],"c":true}]},{"i":{"x":0.833,"y":0.833},"o":{"x":0.167,"y":0.167},"t":18,"s":[{"i":[[0,0],[0,0],[0,0],[0,0]],"o":[[0,0],[0,0],[0,0],[0,0]],"v":[[-10.656,-5.528],[11.628,3.479],[10.506,6.093],[-11.627,-3.607]],"c":true}]},{"i":{"x":0.667,"y":1},"o":{"x":0.167,"y":0.167},"t":62,"s":[{"i":[[0,0],[0,0],[0,0],[0,0]],"o":[[0,0],[0,0],[0,0],[0,0]],"v":[[-10.656,-5.528],[11.628,3.479],[10.506,6.093],[-11.627,-3.607]],"c":true}]},{"t":80,"s":[{"i":[[0,0],[0,0],[0,0],[0,0]],"o":[[0,0],[0,0],[0,0],[0,0]],"v":[[-10.656,-5.528],[11.628,3.479],[10.267,6.539],[-11.747,-3.309]],"c":true}]}],"ix":2},"nm":"Path 1","mn":"ADBE Vector Shape - Group","hd":false},{"ty":"fl","c":{"a":0,"k":[0.019607843137,0.180392156863,0.376470618154,1],"ix":4},"o":{"a":0,"k":100,"ix":5},"r":1,"bm":0,"nm":"Fill 1","mn":"ADBE Vector Graphic - Fill","hd":false},{"ty":"tr","p":{"a":0,"k":[168.659,408.524],"ix":2},"a":{"a":0,"k":[0,0],"ix":1},"s":{"a":0,"k":[100,100],"ix":3},"r":{"a":0,"k":0,"ix":6},"o":{"a":0,"k":100,"ix":7},"sk":{"a":0,"k":0,"ix":4},"sa":{"a":0,"k":0,"ix":5},"nm":"Transform"}],"nm":"Group 1","np":2,"cix":2,"bm":0,"ix":3,"mn":"ADBE Vector Group","hd":false},{"ty":"gr","it":[{"ind":0,"ty":"sh","ix":1,"ks":{"a":0,"k":{"i":[[0.207,-0.473],[-0.472,-0.207],[-0.207,0.473],[0.473,0.206]],"o":[[-0.207,0.473],[0.473,0.207],[0.206,-0.472],[-0.472,-0.207]],"v":[[-0.855,-0.374],[-0.374,0.855],[0.856,0.373],[0.374,-0.855]],"c":true},"ix":2},"nm":"Path 1","mn":"ADBE Vector Shape - Group","hd":false},{"ty":"fl","c":{"a":0,"k":[1,1,1,1],"ix":4},"o":{"a":0,"k":100,"ix":5},"r":1,"bm":0,"nm":"Fill 1","mn":"ADBE Vector Graphic - Fill","hd":false},{"ty":"tr","p":{"a":1,"k":[{"i":{"x":0.833,"y":0.833},"o":{"x":0.167,"y":0.167},"t":0,"s":[201.803,409.79],"to":[0,0],"ti":[0,0]},{"i":{"x":0.833,"y":0.833},"o":{"x":0.167,"y":0.167},"t":20,"s":[202.488,407.499],"to":[0,0],"ti":[0,0]},{"i":{"x":0.833,"y":0.833},"o":{"x":0.167,"y":0.167},"t":62,"s":[202.488,407.499],"to":[0,0],"ti":[0,0]},{"i":{"x":0.833,"y":0.833},"o":{"x":0.167,"y":0.167},"t":74,"s":[202.16,409.016],"to":[0,0],"ti":[0,0]},{"t":80,"s":[201.803,409.79]}],"ix":2},"a":{"a":0,"k":[0,0],"ix":1},"s":{"a":0,"k":[100,100],"ix":3},"r":{"a":0,"k":0,"ix":6},"o":{"a":0,"k":100,"ix":7},"sk":{"a":0,"k":0,"ix":4},"sa":{"a":0,"k":0,"ix":5},"nm":"Transform"}],"nm":"Group 3","np":2,"cix":2,"bm":0,"ix":5,"mn":"ADBE Vector Group","hd":false},{"ty":"gr","it":[{"ind":0,"ty":"sh","ix":1,"ks":{"a":0,"k":{"i":[[0.206,-0.473],[-0.472,-0.207],[-0.206,0.473],[0.473,0.207]],"o":[[-0.207,0.472],[0.473,0.207],[0.207,-0.472],[-0.472,-0.206]],"v":[[-0.855,-0.374],[-0.374,0.855],[0.855,0.373],[0.374,-0.856]],"c":true},"ix":2},"nm":"Path 1","mn":"ADBE Vector Shape - Group","hd":false},{"ty":"fl","c":{"a":0,"k":[1,1,1,1],"ix":4},"o":{"a":0,"k":100,"ix":5},"r":1,"bm":0,"nm":"Fill 1","mn":"ADBE Vector Graphic - Fill","hd":false},{"ty":"tr","p":{"a":1,"k":[{"i":{"x":0.833,"y":0.833},"o":{"x":0.167,"y":0.167},"t":0,"s":[195.895,405.596],"to":[0,0],"ti":[0,0]},{"i":{"x":0.833,"y":0.833},"o":{"x":0.167,"y":0.167},"t":20,"s":[197.132,404.139],"to":[0,0],"ti":[0,0]},{"i":{"x":0.833,"y":0.833},"o":{"x":0.167,"y":0.167},"t":62,"s":[197.132,404.139],"to":[0,0],"ti":[0,0]},{"i":{"x":0.833,"y":0.833},"o":{"x":0.167,"y":0.167},"t":72,"s":[196.55,405],"to":[0,0],"ti":[0,0]},{"t":80,"s":[195.895,405.596]}],"ix":2},"a":{"a":0,"k":[0,0],"ix":1},"s":{"a":0,"k":[100,100],"ix":3},"r":{"a":0,"k":0,"ix":6},"o":{"a":0,"k":100,"ix":7},"sk":{"a":0,"k":0,"ix":4},"sa":{"a":0,"k":0,"ix":5},"nm":"Transform"}],"nm":"Group 4","np":2,"cix":2,"bm":0,"ix":6,"mn":"ADBE Vector Group","hd":false},{"ty":"gr","it":[{"ind":0,"ty":"sh","ix":1,"ks":{"a":0,"k":{"i":[[0.207,-0.472],[-0.472,-0.206],[-0.207,0.473],[0.473,0.207]],"o":[[-0.207,0.473],[0.473,0.208],[0.206,-0.473],[-0.472,-0.206]],"v":[[-0.855,-0.375],[-0.374,0.854],[0.856,0.373],[0.374,-0.856]],"c":true},"ix":2},"nm":"Path 1","mn":"ADBE Vector Shape - Group","hd":false},{"ty":"fl","c":{"a":0,"k":[1,1,1,1],"ix":4},"o":{"a":0,"k":100,"ix":5},"r":1,"bm":0,"nm":"Fill 1","mn":"ADBE Vector Graphic - Fill","hd":false},{"ty":"tr","p":{"a":0,"k":[193.242,399.659],"ix":2},"a":{"a":0,"k":[0,0],"ix":1},"s":{"a":0,"k":[100,100],"ix":3},"r":{"a":0,"k":0,"ix":6},"o":{"a":0,"k":100,"ix":7},"sk":{"a":0,"k":0,"ix":4},"sa":{"a":0,"k":0,"ix":5},"nm":"Transform"}],"nm":"Group 5","np":2,"cix":2,"bm":0,"ix":7,"mn":"ADBE Vector Group","hd":false},{"ty":"gr","it":[{"ind":0,"ty":"sh","ix":1,"ks":{"a":0,"k":{"i":[[0.207,-0.473],[-0.473,-0.206],[-0.207,0.473],[0.473,0.207]],"o":[[-0.206,0.473],[0.472,0.208],[0.206,-0.473],[-0.472,-0.206]],"v":[[-0.855,-0.375],[-0.374,0.854],[0.855,0.373],[0.373,-0.856]],"c":true},"ix":2},"nm":"Path 1","mn":"ADBE Vector Shape - Group","hd":false},{"ty":"fl","c":{"a":0,"k":[1,1,1,1],"ix":4},"o":{"a":0,"k":100,"ix":5},"r":1,"bm":0,"nm":"Fill 1","mn":"ADBE Vector Graphic - Fill","hd":false},{"ty":"tr","p":{"a":0,"k":[192.276,394.724],"ix":2},"a":{"a":0,"k":[0,0],"ix":1},"s":{"a":0,"k":[100,100],"ix":3},"r":{"a":0,"k":0,"ix":6},"o":{"a":0,"k":100,"ix":7},"sk":{"a":0,"k":0,"ix":4},"sa":{"a":0,"k":0,"ix":5},"nm":"Transform"}],"nm":"Group 6","np":2,"cix":2,"bm":0,"ix":8,"mn":"ADBE Vector Group","hd":false},{"ty":"gr","it":[{"ind":0,"ty":"sh","ix":1,"ks":{"a":1,"k":[{"i":{"x":0.833,"y":0.833},"o":{"x":0.167,"y":0.167},"t":0,"s":[{"i":[[0.478,-1.093],[0,0],[0,0],[0,0],[11.969,0.139],[1.086,4.579],[-0.709,1.796],[1.072,0.469],[0,0]],"o":[[0,0],[0,0],[0,0],[0,0],[-12.686,-0.147],[-0.617,-2.603],[0.43,-1.089],[0,0],[-1.094,-0.478]],"v":[[-20.794,-21.992],[-30.278,-0.293],[-0.823,15.729],[27.268,19.001],[17.313,7.663],[4.693,-3.339],[5.568,-10.536],[4.431,-13.324],[-17.949,-23.106]],"c":true}]},{"i":{"x":0.833,"y":0.833},"o":{"x":0.167,"y":0.167},"t":20,"s":[{"i":[[0.478,-1.093],[0,0],[0,0],[0,0],[10.762,6.718],[1.086,4.579],[-0.709,1.796],[1.072,0.469],[0,0]],"o":[[0,0],[0,0],[0,0],[0,0],[-10.762,-6.719],[-0.617,-2.603],[0.43,-1.089],[0,0],[-1.094,-0.478]],"v":[[-20.794,-21.992],[-30.278,-0.293],[20.405,21.859],[24.351,23.584],[19.515,8.377],[4.693,-3.339],[5.568,-10.536],[4.431,-13.324],[-17.949,-23.106]],"c":true}]},{"i":{"x":0.833,"y":0.833},"o":{"x":0.167,"y":0.167},"t":62,"s":[{"i":[[0.478,-1.093],[0,0],[0,0],[0,0],[10.762,6.718],[1.086,4.579],[-0.709,1.796],[1.072,0.469],[0,0]],"o":[[0,0],[0,0],[0,0],[0,0],[-10.762,-6.719],[-0.617,-2.603],[0.43,-1.089],[0,0],[-1.094,-0.478]],"v":[[-20.794,-21.992],[-30.278,-0.293],[20.405,21.859],[24.351,23.584],[19.515,8.377],[4.693,-3.339],[5.568,-10.536],[4.431,-13.324],[-17.949,-23.106]],"c":true}]},{"i":{"x":0.833,"y":0.833},"o":{"x":0.167,"y":0.167},"t":74,"s":[{"i":[[0.478,-1.093],[0,0],[0,0],[0,0],[11.567,2.332],[1.086,4.579],[-0.709,1.796],[1.072,0.469],[0,0]],"o":[[0,0],[0,0],[0,0],[0,0],[-12.045,-2.338],[-0.617,-2.603],[0.43,-1.089],[0,0],[-1.094,-0.478]],"v":[[-20.794,-21.992],[-30.278,-0.293],[6.709,17.955],[26.655,21.419],[18.047,7.901],[4.693,-3.339],[5.568,-10.536],[4.431,-13.324],[-17.949,-23.106]],"c":true}]},{"t":80,"s":[{"i":[[0.478,-1.093],[0,0],[0,0],[0,0],[11.969,0.139],[1.086,4.579],[-0.709,1.796],[1.072,0.469],[0,0]],"o":[[0,0],[0,0],[0,0],[0,0],[-12.686,-0.147],[-0.617,-2.603],[0.43,-1.089],[0,0],[-1.094,-0.478]],"v":[[-20.794,-21.992],[-30.278,-0.293],[-0.823,15.729],[27.268,19.001],[17.313,7.663],[4.693,-3.339],[5.568,-10.536],[4.431,-13.324],[-17.949,-23.106]],"c":true}]}],"ix":2},"nm":"Path 1","mn":"ADBE Vector Shape - Group","hd":false},{"ty":"fl","c":{"a":0,"k":[0.02066897224,0.180779715145,0.376470588235,1],"ix":4},"o":{"a":0,"k":100,"ix":5},"r":1,"bm":0,"nm":"Fill 1","mn":"ADBE Vector Graphic - Fill","hd":false},{"ty":"tr","p":{"a":0,"k":[191.47,401.274],"ix":2},"a":{"a":0,"k":[0,0],"ix":1},"s":{"a":0,"k":[100,100],"ix":3},"r":{"a":0,"k":0,"ix":6},"o":{"a":0,"k":100,"ix":7},"sk":{"a":0,"k":0,"ix":4},"sa":{"a":0,"k":0,"ix":5},"nm":"Transform"}],"nm":"Group 8","np":2,"cix":2,"bm":0,"ix":9,"mn":"ADBE Vector Group","hd":false}],"ip":0,"op":480,"st":-120,"bm":0},{"ddd":0,"ind":16,"ty":4,"nm":"Shape Layer 2","sr":1,"ks":{"o":{"a":0,"k":100,"ix":11},"r":{"a":1,"k":[{"i":{"x":[0.833],"y":[0.833]},"o":{"x":[0.167],"y":[0.167]},"t":0,"s":[49]},{"i":{"x":[0.833],"y":[0.833]},"o":{"x":[0.167],"y":[0.167]},"t":8,"s":[63.4]},{"i":{"x":[0.833],"y":[0.833]},"o":{"x":[0.167],"y":[0.167]},"t":20,"s":[72.5]},{"i":{"x":[0.833],"y":[0.833]},"o":{"x":[0.167],"y":[0.167]},"t":26,"s":[50.35]},{"i":{"x":[0.833],"y":[0.833]},"o":{"x":[0.167],"y":[0.167]},"t":30,"s":[38.25]},{"i":{"x":[0.833],"y":[0.833]},"o":{"x":[0.167],"y":[0.167]},"t":40,"s":[0]},{"t":80,"s":[49]}],"ix":10},"p":{"a":1,"k":[{"i":{"x":0.833,"y":0.833},"o":{"x":0.167,"y":0.167},"t":0,"s":[438.75,879.75,0],"to":[0,0,0],"ti":[0,0,0]},{"i":{"x":0.833,"y":0.833},"o":{"x":0.167,"y":0.167},"t":4,"s":[451.5,873.65,0],"to":[0,0,0],"ti":[0,0,0]},{"i":{"x":0.833,"y":0.833},"o":{"x":0.167,"y":0.167},"t":8,"s":[464.251,867.55,0],"to":[0,0,0],"ti":[0,0,0]},{"i":{"x":0.833,"y":0.833},"o":{"x":0.167,"y":0.167},"t":20,"s":[493.002,836.25,0],"to":[0,0,0],"ti":[0,0,0]},{"i":{"x":0.833,"y":0.833},"o":{"x":0.167,"y":0.167},"t":26,"s":[558.576,865.4,0],"to":[0,0,0],"ti":[0,0,0]},{"i":{"x":0.833,"y":0.833},"o":{"x":0.167,"y":0.167},"t":30,"s":[604.128,875,0],"to":[0,0,0],"ti":[0,0,0]},{"i":{"x":0.833,"y":0.833},"o":{"x":0.167,"y":0.167},"t":34,"s":[652.577,868.4,0],"to":[0,0,0],"ti":[0,0,0]},{"i":{"x":0.833,"y":0.833},"o":{"x":0.167,"y":0.167},"t":40,"s":[705.25,864.75,0],"to":[0,0,0],"ti":[0,0,0]},{"i":{"x":0.833,"y":0.833},"o":{"x":0.167,"y":0.167},"t":44,"s":[694.101,867.65,0],"to":[0,0,0],"ti":[0,0,0]},{"i":{"x":0.833,"y":0.833},"o":{"x":0.167,"y":0.167},"t":50,"s":[667.377,873.25,0],"to":[0,0,0],"ti":[0,0,0]},{"i":{"x":0.833,"y":0.833},"o":{"x":0.167,"y":0.167},"t":60,"s":[597.502,889.75,0],"to":[0,0,0],"ti":[0,0,0]},{"t":80,"s":[438.75,879.75,0]}],"ix":2},"a":{"a":0,"k":[-72.75,129.75,0],"ix":1},"s":{"a":0,"k":[100,100,100],"ix":6}},"ao":0,"shapes":[{"ty":"gr","it":[{"ind":0,"ty":"sh","ix":1,"ks":{"a":0,"k":{"i":[[0,0],[0,0],[0,0],[0,0]],"o":[[0,0],[0,0],[0,0],[0,0]],"v":[[-63,98.5],[-104,121.5],[-85,161],[-41.5,141]],"c":true},"ix":2},"nm":"Path 1","mn":"ADBE Vector Shape - Group","hd":false},{"ty":"st","c":{"a":0,"k":[0.043137254902,0.219607858097,0.435294147566,1],"ix":3},"o":{"a":0,"k":100,"ix":4},"w":{"a":0,"k":0,"ix":5},"lc":1,"lj":1,"ml":4,"bm":0,"nm":"Stroke 1","mn":"ADBE Vector Graphic - Stroke","hd":false},{"ty":"fl","c":{"a":0,"k":[0.945098039216,0.659627936868,0.448458263921,1],"ix":4},"o":{"a":0,"k":100,"ix":5},"r":1,"bm":0,"nm":"Fill 1","mn":"ADBE Vector Graphic - Fill","hd":false},{"ty":"tr","p":{"a":0,"k":[0,0],"ix":2},"a":{"a":0,"k":[0,0],"ix":1},"s":{"a":0,"k":[100,100],"ix":3},"r":{"a":0,"k":0,"ix":6},"o":{"a":0,"k":100,"ix":7},"sk":{"a":0,"k":0,"ix":4},"sa":{"a":0,"k":0,"ix":5},"nm":"Transform"}],"nm":"Shape 1","np":3,"cix":2,"bm":0,"ix":1,"mn":"ADBE Vector Group","hd":false}],"ip":0,"op":1680,"st":-120,"bm":0},{"ddd":0,"ind":17,"ty":4,"nm":"борода 2","parent":20,"sr":1,"ks":{"o":{"a":0,"k":100,"ix":11},"r":{"a":0,"k":0,"ix":10},"p":{"a":0,"k":[0,0,0],"ix":2},"a":{"a":0,"k":[0,0,0],"ix":1},"s":{"a":0,"k":[100,100,100],"ix":6}},"ao":0,"shapes":[{"ty":"gr","it":[{"ind":0,"ty":"sh","ix":1,"ks":{"a":0,"k":{"i":[[-0.375,0.125],[1.625,-3.875],[-5.875,-8.625],[-5.125,0.375],[-0.375,1.375],[-1.5,1.5],[0,0],[7.625,1.5],[0.5,-1],[1.125,1.625],[0.875,8.125]],"o":[[0.375,-0.125],[-1.625,3.875],[5.875,8.625],[5.125,-0.375],[0.375,-1.375],[1.5,-1.5],[0,0],[-7.625,-1.5],[-0.5,1],[-1.125,-1.625],[-0.875,-8.125]],"v":[[51.5,-212.125],[42.625,-209.5],[42.75,-170],[67.125,-155.5],[77.5,-161.125],[80.125,-169.25],[83.625,-177.25],[75.125,-183.375],[61.875,-177.875],[54,-177.5],[47.875,-187.75]],"c":true},"ix":2},"nm":"Path 1","mn":"ADBE Vector Shape - Group","hd":false},{"ty":"st","c":{"a":0,"k":[0,0,0,1],"ix":3},"o":{"a":0,"k":100,"ix":4},"w":{"a":0,"k":0,"ix":5},"lc":1,"lj":1,"ml":4,"bm":0,"nm":"Stroke 1","mn":"ADBE Vector Graphic - Stroke","hd":false},{"ty":"fl","c":{"a":0,"k":[0.203921568627,0.107083518832,0.02878892562,1],"ix":4},"o":{"a":0,"k":100,"ix":5},"r":1,"bm":0,"nm":"Fill 1","mn":"ADBE Vector Graphic - Fill","hd":false},{"ty":"tr","p":{"a":0,"k":[0,0],"ix":2},"a":{"a":0,"k":[0,0],"ix":1},"s":{"a":0,"k":[100,100],"ix":3},"r":{"a":0,"k":0,"ix":6},"o":{"a":0,"k":100,"ix":7},"sk":{"a":0,"k":0,"ix":4},"sa":{"a":0,"k":0,"ix":5},"nm":"Transform"}],"nm":"Shape 1","np":3,"cix":2,"bm":0,"ix":1,"mn":"ADBE Vector Group","hd":false}],"ip":0,"op":480,"st":-120,"bm":0},{"ddd":0,"ind":18,"ty":4,"nm":"прическа 4","parent":20,"sr":1,"ks":{"o":{"a":0,"k":100,"ix":11},"r":{"a":0,"k":0,"ix":10},"p":{"a":0,"k":[42.254,-233.646,0],"ix":2},"a":{"a":0,"k":[42.254,-233.646,0],"ix":1},"s":{"a":0,"k":[100,100,100],"ix":6}},"ao":0,"shapes":[{"ty":"gr","it":[{"ind":0,"ty":"sh","ix":1,"ks":{"a":1,"k":[{"i":{"x":0.833,"y":0.833},"o":{"x":0.167,"y":0.167},"t":0,"s":[{"i":[[20.75,3],[0,-0.25],[9.75,-11],[-0.5,-0.75],[-0.75,-4],[0.25,-0.5],[-0.25,0.5],[2,6.25],[-13,1],[0,0],[0,0],[1.25,2.25],[-3,4.25],[-3,-1.25],[-1,4.25],[4.5,2.25]],"o":[[-20.75,-3],[0,0.25],[-9.75,11],[0.5,0.75],[0.75,4],[-0.25,0.5],[0.25,-0.5],[-2,-6.25],[13,-1],[0,0],[0,0],[-1.25,-2.25],[3,-4.25],[3,1.25],[1,-4.25],[-4.5,-2.25]],"v":[[45.75,-274.75],[26.25,-258],[5.75,-251],[5.5,-224.25],[12.25,-212.75],[17,-194],[25.75,-193.75],[24.75,-204.25],[32,-221.25],[42.25,-208.75],[50.25,-211.5],[51.75,-216.5],[47.75,-228.75],[60.75,-234.25],[82.25,-240.5],[77,-260.5]],"c":true}]},{"i":{"x":0.833,"y":0.833},"o":{"x":0.167,"y":0.167},"t":20,"s":[{"i":[[20.75,3],[0,-0.25],[9.75,-11],[-0.5,-0.75],[-0.75,-4],[0.25,-0.5],[-0.25,0.5],[2,6.25],[-13,1],[0,0],[0,0],[1.25,2.25],[-3,4.25],[-3,-1.25],[-1,4.25],[4.5,2.25]],"o":[[-20.75,-3],[0,0.25],[-9.75,11],[0.5,0.75],[0.75,4],[-0.25,0.5],[0.25,-0.5],[-2,-6.25],[13,-1],[0,0],[0,0],[-1.25,-2.25],[3,-4.25],[3,1.25],[1,-4.25],[-4.5,-2.25]],"v":[[46.5,-273.5],[27,-256.75],[6.5,-249.75],[6.25,-223],[12.25,-212.75],[17,-194],[25.75,-193.75],[24.75,-204.25],[32,-221.25],[42.25,-208.75],[50.25,-211.5],[51.75,-216.5],[47.75,-228.75],[60.75,-234.25],[82.25,-240.5],[77,-260.5]],"c":true}]},{"i":{"x":0.833,"y":0.833},"o":{"x":0.167,"y":0.167},"t":40,"s":[{"i":[[20.75,3],[0,-0.25],[9.75,-11],[-0.5,-0.75],[-0.75,-4],[0.25,-0.5],[-0.25,0.5],[2,6.25],[-13,1],[0,0],[0,0],[1.25,2.25],[-3,4.25],[-3,-1.25],[-1,4.25],[4.5,2.25]],"o":[[-20.75,-3],[0,0.25],[-9.75,11],[0.5,0.75],[0.75,4],[-0.25,0.5],[0.25,-0.5],[-2,-6.25],[13,-1],[0,0],[0,0],[-1.25,-2.25],[3,-4.25],[3,1.25],[1,-4.25],[-4.5,-2.25]],"v":[[45.75,-274.75],[26.25,-258],[5.75,-251],[5.5,-224.25],[12.25,-212.75],[17,-194],[25.75,-193.75],[24.75,-204.25],[32,-221.25],[42.25,-208.75],[50.25,-211.5],[51.75,-216.5],[47.75,-228.75],[60.75,-234.25],[82.25,-240.5],[77,-260.5]],"c":true}]},{"i":{"x":0.833,"y":0.833},"o":{"x":0.167,"y":0.167},"t":60,"s":[{"i":[[20.75,3],[0,-0.25],[9.75,-11],[-0.5,-0.75],[-0.75,-4],[0.25,-0.5],[-0.25,0.5],[2,6.25],[-13,1],[0,0],[0,0],[1.25,2.25],[-3,4.25],[-3,-1.25],[-1,4.25],[4.5,2.25]],"o":[[-20.75,-3],[0,0.25],[-9.75,11],[0.5,0.75],[0.75,4],[-0.25,0.5],[0.25,-0.5],[-2,-6.25],[13,-1],[0,0],[0,0],[-1.25,-2.25],[3,-4.25],[3,1.25],[1,-4.25],[-4.5,-2.25]],"v":[[46.5,-273.5],[27,-256.75],[6.5,-249.75],[6.25,-223],[12.25,-212.75],[17,-194],[25.75,-193.75],[24.75,-204.25],[32,-221.25],[42.25,-208.75],[50.25,-211.5],[51.75,-216.5],[47.75,-228.75],[60.75,-234.25],[82.25,-240.5],[77,-260.5]],"c":true}]},{"t":80,"s":[{"i":[[20.75,3],[0,-0.25],[9.75,-11],[-0.5,-0.75],[-0.75,-4],[0.25,-0.5],[-0.25,0.5],[2,6.25],[-13,1],[0,0],[0,0],[1.25,2.25],[-3,4.25],[-3,-1.25],[-1,4.25],[4.5,2.25]],"o":[[-20.75,-3],[0,0.25],[-9.75,11],[0.5,0.75],[0.75,4],[-0.25,0.5],[0.25,-0.5],[-2,-6.25],[13,-1],[0,0],[0,0],[-1.25,-2.25],[3,-4.25],[3,1.25],[1,-4.25],[-4.5,-2.25]],"v":[[45.75,-274.75],[26.25,-258],[5.75,-251],[5.5,-224.25],[12.25,-212.75],[17,-194],[25.75,-193.75],[24.75,-204.25],[32,-221.25],[42.25,-208.75],[50.25,-211.5],[51.75,-216.5],[47.75,-228.75],[60.75,-234.25],[82.25,-240.5],[77,-260.5]],"c":true}]}],"ix":2},"nm":"Path 1","mn":"ADBE Vector Shape - Group","hd":false},{"ty":"st","c":{"a":0,"k":[0,0,0,1],"ix":3},"o":{"a":0,"k":100,"ix":4},"w":{"a":0,"k":0,"ix":5},"lc":1,"lj":1,"ml":4,"bm":0,"nm":"Stroke 1","mn":"ADBE Vector Graphic - Stroke","hd":false},{"ty":"fl","c":{"a":0,"k":[0.203921583587,0.105882360421,0.027450982262,1],"ix":4},"o":{"a":0,"k":100,"ix":5},"r":1,"bm":0,"nm":"Fill 1","mn":"ADBE Vector Graphic - Fill","hd":false},{"ty":"tr","p":{"a":0,"k":[0,0],"ix":2},"a":{"a":0,"k":[0,0],"ix":1},"s":{"a":0,"k":[100,100],"ix":3},"r":{"a":0,"k":0,"ix":6},"o":{"a":0,"k":100,"ix":7},"sk":{"a":0,"k":0,"ix":4},"sa":{"a":0,"k":0,"ix":5},"nm":"Transform"}],"nm":"Shape 1","np":3,"cix":2,"bm":0,"ix":1,"mn":"ADBE Vector Group","hd":false}],"ip":0,"op":480,"st":-120,"bm":0},{"ddd":0,"ind":19,"ty":4,"nm":"прическа 3","parent":20,"sr":1,"ks":{"o":{"a":0,"k":100,"ix":11},"r":{"a":0,"k":0,"ix":10},"p":{"a":0,"k":[60.397,-252.084,0],"ix":2},"a":{"a":0,"k":[60.397,-252.084,0],"ix":1},"s":{"a":0,"k":[100,100,100],"ix":6}},"ao":0,"shapes":[{"ty":"gr","it":[{"ind":0,"ty":"sh","ix":1,"ks":{"a":1,"k":[{"i":{"x":0.833,"y":1},"o":{"x":0.167,"y":0.167},"t":0,"s":[{"i":[[5,2.5],[-3.5,-12],[-3,-6],[-13,-4],[-5,17.5],[3,2],[3.271,2.133]],"o":[[-5,-2.5],[3.5,12],[3,6],[13,4],[5,-17.5],[-3,-2],[-11.5,-7.5]],"v":[[76.5,-260.5],[48,-252.5],[64,-231.5],[87.5,-207],[120.5,-214],[114.5,-235.5],[98.5,-238]],"c":true}]},{"i":{"x":0.833,"y":0.833},"o":{"x":0.333,"y":0},"t":20,"s":[{"i":[[5,2.5],[-3.5,-12],[-3,-6],[-13,-4],[-5,17.5],[3,2],[3.271,2.133]],"o":[[-5,-2.5],[3.5,12],[3,6],[13,4],[5,-17.5],[-3,-2],[-11.5,-7.5]],"v":[[76.5,-260.5],[48,-252.5],[64,-231.5],[86.75,-205.75],[118.75,-208.25],[112.75,-231],[97.75,-236.5]],"c":true}]},{"i":{"x":0.833,"y":1},"o":{"x":0.167,"y":0.167},"t":40,"s":[{"i":[[5,2.5],[-3.5,-12],[-3,-6],[-13,-4],[-5,17.5],[3,2],[3.271,2.133]],"o":[[-5,-2.5],[3.5,12],[3,6],[13,4],[5,-17.5],[-3,-2],[-11.5,-7.5]],"v":[[76.5,-260.5],[48,-252.5],[64,-231.5],[87.5,-207],[120.5,-214],[114.5,-235.5],[98.5,-238]],"c":true}]},{"i":{"x":0.833,"y":0.833},"o":{"x":0.333,"y":0},"t":60,"s":[{"i":[[5,2.5],[-3.5,-12],[-3,-6],[-13,-4],[-5,17.5],[3,2],[3.271,2.133]],"o":[[-5,-2.5],[3.5,12],[3,6],[13,4],[5,-17.5],[-3,-2],[-11.5,-7.5]],"v":[[76.5,-260.5],[48,-252.5],[64,-231.5],[86.75,-205.75],[118.75,-208.25],[112.75,-231],[97.75,-236.5]],"c":true}]},{"t":80,"s":[{"i":[[5,2.5],[-3.5,-12],[-3,-6],[-13,-4],[-5,17.5],[3,2],[3.271,2.133]],"o":[[-5,-2.5],[3.5,12],[3,6],[13,4],[5,-17.5],[-3,-2],[-11.5,-7.5]],"v":[[76.5,-260.5],[48,-252.5],[64,-231.5],[87.5,-207],[120.5,-214],[114.5,-235.5],[98.5,-238]],"c":true}]}],"ix":2},"nm":"Path 1","mn":"ADBE Vector Shape - Group","hd":false},{"ty":"st","c":{"a":0,"k":[0,0,0,1],"ix":3},"o":{"a":0,"k":100,"ix":4},"w":{"a":0,"k":0,"ix":5},"lc":1,"lj":1,"ml":4,"bm":0,"nm":"Stroke 1","mn":"ADBE Vector Graphic - Stroke","hd":false},{"ty":"fl","c":{"a":0,"k":[0.203921583587,0.105882360421,0.027450982262,1],"ix":4},"o":{"a":0,"k":100,"ix":5},"r":1,"bm":0,"nm":"Fill 1","mn":"ADBE Vector Graphic - Fill","hd":false},{"ty":"tr","p":{"a":0,"k":[0,0],"ix":2},"a":{"a":0,"k":[0,0],"ix":1},"s":{"a":0,"k":[100,100],"ix":3},"r":{"a":0,"k":0,"ix":6},"o":{"a":0,"k":100,"ix":7},"sk":{"a":0,"k":0,"ix":4},"sa":{"a":0,"k":0,"ix":5},"nm":"Transform"}],"nm":"Shape 1","np":3,"cix":2,"bm":0,"ix":1,"mn":"ADBE Vector Group","hd":false}],"ip":0,"op":480,"st":-120,"bm":0},{"ddd":0,"ind":20,"ty":4,"nm":"голова 2","parent":22,"sr":1,"ks":{"o":{"a":0,"k":100,"ix":11},"r":{"a":1,"k":[{"i":{"x":[0.667],"y":[1]},"o":{"x":[0.167],"y":[0.167]},"t":0,"s":[0]},{"i":{"x":[0.833],"y":[0.833]},"o":{"x":[0.333],"y":[0]},"t":20,"s":[5]},{"i":{"x":[0.667],"y":[1]},"o":{"x":[0.167],"y":[0.167]},"t":40,"s":[0]},{"i":{"x":[0.833],"y":[0.833]},"o":{"x":[0.333],"y":[0]},"t":60,"s":[5]},{"t":80,"s":[0]}],"ix":10},"p":{"a":0,"k":[45.104,-183.919,0],"ix":2},"a":{"a":0,"k":[45.104,-183.919,0],"ix":1},"s":{"a":0,"k":[100,100,100],"ix":6}},"ao":0,"shapes":[{"ty":"gr","it":[{"d":1,"ty":"el","s":{"a":0,"k":[2.625,3],"ix":2},"p":{"a":0,"k":[0,0],"ix":3},"nm":"Ellipse Path 1","mn":"ADBE Vector Shape - Ellipse","hd":false},{"ty":"st","c":{"a":0,"k":[0,0,0,1],"ix":3},"o":{"a":0,"k":100,"ix":4},"w":{"a":0,"k":0,"ix":5},"lc":1,"lj":1,"ml":4,"bm":0,"nm":"Stroke 1","mn":"ADBE Vector Graphic - Stroke","hd":false},{"ty":"fl","c":{"a":0,"k":[0.090196078431,0.089488661523,0.089488661523,1],"ix":4},"o":{"a":0,"k":100,"ix":5},"r":1,"bm":0,"nm":"Fill 1","mn":"ADBE Vector Graphic - Fill","hd":false},{"ty":"tr","p":{"a":0,"k":[76.313,-207.625],"ix":2},"a":{"a":0,"k":[0,0],"ix":1},"s":{"a":0,"k":[163.125,163.125],"ix":3},"r":{"a":0,"k":0,"ix":6},"o":{"a":0,"k":100,"ix":7},"sk":{"a":0,"k":0,"ix":4},"sa":{"a":0,"k":0,"ix":5},"nm":"Transform"}],"nm":"Ellipse 1","np":3,"cix":2,"bm":0,"ix":1,"mn":"ADBE Vector Group","hd":false},{"ty":"gr","it":[{"ind":0,"ty":"sh","ix":1,"ks":{"a":0,"k":{"i":[[15,2.75],[7,-10],[-3.5,-10],[-20.167,-4.852],[0,0],[-3.049,8.128],[-0.945,1.32],[0.548,7.123]],"o":[[-15,-2.75],[-7,10],[3.5,10],[16.625,4],[0,0],[0.314,-0.837],[4.622,-6.457],[-1.25,-16.25]],"v":[[66.5,-242.75],[21.25,-234.75],[21,-204],[62,-156.5],[77.875,-165],[84.198,-179.223],[89.378,-179.418],[86.625,-205.25]],"c":true},"ix":2},"nm":"Path 1","mn":"ADBE Vector Shape - Group","hd":false},{"ty":"st","c":{"a":0,"k":[0,0,0,1],"ix":3},"o":{"a":0,"k":100,"ix":4},"w":{"a":0,"k":0,"ix":5},"lc":1,"lj":1,"ml":4,"bm":0,"nm":"Stroke 1","mn":"ADBE Vector Graphic - Stroke","hd":false},{"ty":"fl","c":{"a":0,"k":[1,0.713725490196,0.501960784314,1],"ix":4},"o":{"a":0,"k":100,"ix":5},"r":1,"bm":0,"nm":"Fill 1","mn":"ADBE Vector Graphic - Fill","hd":false},{"ty":"tr","p":{"a":0,"k":[0,0],"ix":2},"a":{"a":0,"k":[0,0],"ix":1},"s":{"a":0,"k":[100,100],"ix":3},"r":{"a":0,"k":0,"ix":6},"o":{"a":0,"k":100,"ix":7},"sk":{"a":0,"k":0,"ix":4},"sa":{"a":0,"k":0,"ix":5},"nm":"Transform"}],"nm":"Shape 1","np":3,"cix":2,"bm":0,"ix":2,"mn":"ADBE Vector Group","hd":false}],"ip":0,"op":480,"st":-120,"bm":0},{"ddd":0,"ind":21,"ty":4,"nm":"лямка 2","parent":22,"sr":1,"ks":{"o":{"a":0,"k":100,"ix":11},"r":{"a":0,"k":0,"ix":10},"p":{"a":1,"k":[{"i":{"x":0.667,"y":1},"o":{"x":0.167,"y":0.167},"t":0,"s":[-21.43,-105.707,0],"to":[0,0,0],"ti":[0,0,0]},{"i":{"x":0.833,"y":0.833},"o":{"x":0.333,"y":0},"t":40,"s":[-16.43,-105.707,0],"to":[0,0,0],"ti":[0,0,0]},{"t":80,"s":[-21.43,-105.707,0]}],"ix":2},"a":{"a":0,"k":[-21.43,-105.707,0],"ix":1},"s":{"a":0,"k":[100,100,100],"ix":6}},"ao":0,"shapes":[{"ty":"gr","it":[{"ind":0,"ty":"sh","ix":1,"ks":{"a":0,"k":{"i":[[0,0],[0,0],[9.75,-41.75],[3.5,3],[0,0],[10.625,46.75],[2.851,0.611]],"o":[[0,0],[0,0],[-9.239,39.562],[-3.5,-3],[0,0],[-7.5,-33],[-3.5,-0.75]],"v":[[-15.75,-167],[-15.5,-163],[24.5,-119.5],[-75.5,-56.5],[-79,-44],[35.5,-127.5],[-1.5,-167]],"c":true},"ix":2},"nm":"Path 1","mn":"ADBE Vector Shape - Group","hd":false},{"ty":"st","c":{"a":0,"k":[0,0,0,1],"ix":3},"o":{"a":0,"k":100,"ix":4},"w":{"a":0,"k":0,"ix":5},"lc":1,"lj":1,"ml":4,"bm":0,"nm":"Stroke 1","mn":"ADBE Vector Graphic - Stroke","hd":false},{"ty":"fl","c":{"a":0,"k":[0.921568627451,0.623311839384,0.140945778641,1],"ix":4},"o":{"a":0,"k":100,"ix":5},"r":1,"bm":0,"nm":"Fill 1","mn":"ADBE Vector Graphic - Fill","hd":false},{"ty":"tr","p":{"a":0,"k":[0,0],"ix":2},"a":{"a":0,"k":[0,0],"ix":1},"s":{"a":0,"k":[100,100],"ix":3},"r":{"a":0,"k":0,"ix":6},"o":{"a":0,"k":100,"ix":7},"sk":{"a":0,"k":0,"ix":4},"sa":{"a":0,"k":0,"ix":5},"nm":"Transform"}],"nm":"Shape 1","np":3,"cix":2,"bm":0,"ix":1,"mn":"ADBE Vector Group","hd":false}],"ip":0,"op":480,"st":-120,"bm":0},{"ddd":0,"ind":22,"ty":4,"nm":"тело 2","sr":1,"ks":{"o":{"a":0,"k":100,"ix":11},"r":{"a":0,"k":0,"ix":10},"p":{"a":1,"k":[{"i":{"x":0.667,"y":1},"o":{"x":0.167,"y":0.167},"t":0,"s":[540,540,0],"to":[0,0,0],"ti":[0,0,0]},{"i":{"x":0.833,"y":0.833},"o":{"x":0.333,"y":0},"t":20,"s":[540,529,0],"to":[0,0,0],"ti":[0,0,0]},{"i":{"x":0.667,"y":1},"o":{"x":0.167,"y":0.167},"t":40,"s":[540,540,0],"to":[0,0,0],"ti":[0,0,0]},{"i":{"x":0.833,"y":0.833},"o":{"x":0.333,"y":0},"t":60,"s":[540,529,0],"to":[0,0,0],"ti":[0,0,0]},{"t":80,"s":[540,540,0]}],"ix":2},"a":{"a":0,"k":[0,0,0],"ix":1},"s":{"a":0,"k":[100,100,100],"ix":6}},"ao":0,"shapes":[{"ty":"gr","it":[{"ind":0,"ty":"sh","ix":1,"ks":{"a":0,"k":{"i":[[8.774,6.125],[14,-30.5],[-1,-2],[-3.5,8],[-0.5,31.5],[2,13]],"o":[[-26.5,-18.5],[-14,30.5],[1,2],[3.5,-8],[0.5,-31.5],[-2,-13]],"v":[[20.5,-159.5],[-54,-97.5],[-45,11.5],[47.5,3.5],[51,-42],[41.5,-122.5]],"c":true},"ix":2},"nm":"Path 1","mn":"ADBE Vector Shape - Group","hd":false},{"ty":"st","c":{"a":0,"k":[0,0,0,1],"ix":3},"o":{"a":0,"k":100,"ix":4},"w":{"a":0,"k":0,"ix":5},"lc":1,"lj":1,"ml":4,"bm":0,"nm":"Stroke 1","mn":"ADBE Vector Graphic - Stroke","hd":false},{"ty":"fl","c":{"a":0,"k":[0.180853495878,0.411764705882,0.054901957044,1],"ix":4},"o":{"a":0,"k":100,"ix":5},"r":1,"bm":0,"nm":"Fill 1","mn":"ADBE Vector Graphic - Fill","hd":false},{"ty":"tr","p":{"a":0,"k":[0,0],"ix":2},"a":{"a":0,"k":[0,0],"ix":1},"s":{"a":0,"k":[100,100],"ix":3},"r":{"a":0,"k":0,"ix":6},"o":{"a":0,"k":100,"ix":7},"sk":{"a":0,"k":0,"ix":4},"sa":{"a":0,"k":0,"ix":5},"nm":"Transform"}],"nm":"Shape 1","np":3,"cix":2,"bm":0,"ix":1,"mn":"ADBE Vector Group","hd":false}],"ip":0,"op":480,"st":-120,"bm":0},{"ddd":0,"ind":23,"ty":4,"nm":"Shape Layer 3","parent":22,"sr":1,"ks":{"o":{"a":0,"k":100,"ix":11},"r":{"a":0,"k":0,"ix":10},"p":{"a":1,"k":[{"i":{"x":0.667,"y":1},"o":{"x":0.333,"y":0},"t":0,"s":[-42.117,-25.823,0],"to":[0,0,0],"ti":[0,0,0]},{"i":{"x":0.667,"y":1},"o":{"x":0.333,"y":0},"t":20,"s":[-42.117,-29.323,0],"to":[0,0,0],"ti":[0,0,0]},{"i":{"x":0.667,"y":1},"o":{"x":0.333,"y":0},"t":40,"s":[-42.117,-25.823,0],"to":[0,0,0],"ti":[0,0,0]},{"i":{"x":0.667,"y":1},"o":{"x":0.333,"y":0},"t":60,"s":[-42.117,-29.323,0],"to":[0,0,0],"ti":[0,0,0]},{"t":80,"s":[-42.117,-25.823,0]}],"ix":2},"a":{"a":0,"k":[0,0,0],"ix":1},"s":{"a":0,"k":[100,100,100],"ix":6}},"ao":0,"shapes":[{"ty":"gr","it":[{"ty":"rc","d":1,"s":{"a":0,"k":[224,17],"ix":2},"p":{"a":0,"k":[0,0],"ix":3},"r":{"a":0,"k":20,"ix":4},"nm":"Rectangle Path 1","mn":"ADBE Vector Shape - Rect","hd":false},{"ty":"st","c":{"a":0,"k":[0.580392156863,0.377858210545,0.050073047713,1],"ix":3},"o":{"a":0,"k":100,"ix":4},"w":{"a":0,"k":3,"ix":5},"lc":1,"lj":1,"ml":4,"bm":0,"nm":"Stroke 1","mn":"ADBE Vector Graphic - Stroke","hd":false},{"ty":"fl","c":{"a":0,"k":[0.921568687289,0.623529411765,0.141176470588,1],"ix":4},"o":{"a":0,"k":100,"ix":5},"r":1,"bm":0,"nm":"Fill 1","mn":"ADBE Vector Graphic - Fill","hd":false},{"ty":"tr","p":{"a":0,"k":[-71.5,-159.5],"ix":2},"a":{"a":0,"k":[0,0],"ix":1},"s":{"a":0,"k":[100,100],"ix":3},"r":{"a":0,"k":0,"ix":6},"o":{"a":0,"k":100,"ix":7},"sk":{"a":0,"k":0,"ix":4},"sa":{"a":0,"k":0,"ix":5},"nm":"Transform"}],"nm":"Rectangle 2","np":3,"cix":2,"bm":0,"ix":1,"mn":"ADBE Vector Group","hd":false},{"ty":"gr","it":[{"ty":"rc","d":1,"s":{"a":0,"k":[208,208],"ix":2},"p":{"a":0,"k":[0,0],"ix":3},"r":{"a":0,"k":20,"ix":4},"nm":"Rectangle Path 1","mn":"ADBE Vector Shape - Rect","hd":false},{"ty":"st","c":{"a":0,"k":[0.156862999411,0.419607992733,0.945097979377,1],"ix":3},"o":{"a":0,"k":100,"ix":4},"w":{"a":0,"k":0,"ix":5},"lc":1,"lj":1,"ml":4,"bm":0,"nm":"Stroke 1","mn":"ADBE Vector Graphic - Stroke","hd":false},{"ty":"fl","c":{"a":0,"k":[0.921568687289,0.623529411765,0.141176470588,1],"ix":4},"o":{"a":0,"k":100,"ix":5},"r":1,"bm":0,"nm":"Fill 1","mn":"ADBE Vector Graphic - Fill","hd":false},{"ty":"tr","p":{"a":0,"k":[-72,-62],"ix":2},"a":{"a":0,"k":[0,0],"ix":1},"s":{"a":0,"k":[100,100],"ix":3},"r":{"a":0,"k":0,"ix":6},"o":{"a":0,"k":100,"ix":7},"sk":{"a":0,"k":0,"ix":4},"sa":{"a":0,"k":0,"ix":5},"nm":"Transform"}],"nm":"Rectangle 1","np":3,"cix":2,"bm":0,"ix":2,"mn":"ADBE Vector Group","hd":false}],"ip":0,"op":180,"st":0,"bm":0},{"ddd":0,"ind":24,"ty":4,"nm":"шея 2","parent":22,"sr":1,"ks":{"o":{"a":0,"k":100,"ix":11},"r":{"a":0,"k":0,"ix":10},"p":{"a":0,"k":[22.72,-151.317,0],"ix":2},"a":{"a":0,"k":[22.72,-151.317,0],"ix":1},"s":{"a":0,"k":[100,100,100],"ix":6}},"ao":0,"shapes":[{"ty":"gr","it":[{"ind":0,"ty":"sh","ix":1,"ks":{"a":0,"k":{"i":[[2,0.5],[0,0],[4.5,-1],[-0.5,0.5],[-1.5,2],[1,3]],"o":[[-2,-0.5],[0,0],[-4.5,1],[0.5,-0.5],[1.5,-2],[-1,-3]],"v":[[28,-200.5],[22,-200],[0.5,-161.5],[39.5,-131],[47.5,-151],[50,-169.5]],"c":true},"ix":2},"nm":"Path 1","mn":"ADBE Vector Shape - Group","hd":false},{"ty":"st","c":{"a":0,"k":[0,0,0,1],"ix":3},"o":{"a":0,"k":100,"ix":4},"w":{"a":0,"k":0,"ix":5},"lc":1,"lj":1,"ml":4,"bm":0,"nm":"Stroke 1","mn":"ADBE Vector Graphic - Stroke","hd":false},{"ty":"fl","c":{"a":0,"k":[1,0.713725490196,0.501960784314,1],"ix":4},"o":{"a":0,"k":100,"ix":5},"r":1,"bm":0,"nm":"Fill 1","mn":"ADBE Vector Graphic - Fill","hd":false},{"ty":"tr","p":{"a":0,"k":[0,0],"ix":2},"a":{"a":0,"k":[0,0],"ix":1},"s":{"a":0,"k":[100,100],"ix":3},"r":{"a":0,"k":0,"ix":6},"o":{"a":0,"k":100,"ix":7},"sk":{"a":0,"k":0,"ix":4},"sa":{"a":0,"k":0,"ix":5},"nm":"Transform"}],"nm":"Shape 1","np":3,"cix":2,"bm":0,"ix":1,"mn":"ADBE Vector Group","hd":false}],"ip":0,"op":480,"st":-120,"bm":0}]}],"layers":[{"ddd":0,"ind":1,"ty":0,"nm":"Pre-comp 1","refId":"comp_0","sr":1,"ks":{"o":{"a":0,"k":100,"ix":11},"r":{"a":0,"k":0,"ix":10},"p":{"a":0,"k":[396,364,0],"ix":2},"a":{"a":0,"k":[500,500,0],"ix":1},"s":{"a":0,"k":[126.4,126.4,100],"ix":6}},"ao":0,"w":1000,"h":1000,"ip":0,"op":180,"st":0,"bm":0}],"markers":[]}